Player,Pos,Age,Tm,G,MP,PER,TS%,3PAr,FTr,ORB%,DRB%,TRB%,AST%,STL%,BLK%,TOV%,USG%,OWS,DWS,WS,WS/48,OBPM,DBPM,BPM,VORP
Aaron Brooks,PG,23,HOU,51.0,608.0,13.1,0.535,0.484,0.218,2.5,7.9,5.2,23.5,1.1,0.6,15.1,21.8,0.6,0.8,1.4,0.112,-0.5,0.2,-0.2,0.3
Aaron Gray,C,23,CHI,61.0,613.0,13.9,0.529,0.005,0.485,12.5,18.7,15.5,11.4,1.8,2.0,18.7,22.0,0.1,0.8,0.8,0.066,-3.6,0.0,-3.5,-0.2
Aaron Williams,C,36,LAC,30.0,297.0,10.3,0.54,0.0,0.327,5.8,18.0,11.9,4.9,2.1,3.8,17.1,11.8,0.0,0.4,0.4,0.072,-4.5,2.0,-2.5,0.0
Acie Law,PG,23,ATL,56.0,865.0,7.7,0.455,0.143,0.203,1.6,6.0,3.8,20.4,1.8,0.0,17.8,16.5,-0.5,0.4,-0.1,-0.007,-4.2,-1.0,-5.2,-0.7
Adonal Foyle,C,32,ORL,82.0,774.0,9.9,0.464,0.0,0.222,11.0,19.6,15.5,3.4,1.1,4.2,16.0,11.8,0.0,1.3,1.3,0.08,-3.1,1.2,-1.9,0.0
Adrian Griffin,SG-SF,33,CHI-SEA,35.0,307.0,8.7,0.406,0.0,0.118,10.0,11.4,10.7,13.4,2.8,0.5,20.8,14.5,-0.3,0.3,0.0,0.001,-4.1,1.1,-3.0,-0.1
Al Harrington,C,27,GSW,81.0,2190.0,15.6,0.547,0.442,0.206,5.0,16.9,10.7,8.9,1.6,0.5,8.2,21.1,3.7,1.7,5.4,0.118,1.0,-0.8,0.2,1.2
Al Horford,C,21,ATL,81.0,2540.0,14.7,0.539,0.007,0.317,11.4,24.5,18.0,7.9,1.2,2.2,15.3,16.0,2.4,3.0,5.5,0.103,-1.2,-0.3,-1.6,0.3
Al Jefferson,C,23,MIN,82.0,2919.0,22.7,0.535,0.003,0.273,11.9,24.7,18.1,7.5,1.3,3.2,9.4,27.5,4.8,2.9,7.7,0.127,2.8,-1.2,1.6,2.6
Al Thornton,PF,24,LAC,79.0,2158.0,12.7,0.504,0.149,0.331,5.2,14.0,9.6,8.4,1.1,1.5,11.4,24.1,-0.5,1.6,1.1,0.025,-1.9,-1.5,-3.4,-0.8
Alando Tucker,SF,23,PHO,6.0,48.0,11.8,0.446,0.182,0.273,10.2,8.7,9.4,0.0,0.0,1.4,0.0,23.0,0.0,0.0,0.0,0.042,-2.8,-4.5,-7.2,-0.1
Alexander Johnson,PF,24,MIA,43.0,549.0,8.9,0.554,0.0,0.664,6.9,13.7,10.3,4.0,1.3,1.5,20.6,17.6,-0.1,0.4,0.2,0.019,-5.2,-1.0,-6.2,-0.6
Allen Iverson,SG,32,DEN,82.0,3424.0,20.9,0.567,0.177,0.512,1.5,6.1,3.8,27.4,2.2,0.2,11.4,26.7,8.9,2.8,11.6,0.163,3.4,-0.7,2.7,4.0
Alonzo Mourning,C,37,MIA,25.0,389.0,16.2,0.58,0.0,0.8,10.3,18.5,14.3,3.1,0.5,8.6,16.3,18.7,0.3,0.5,0.8,0.098,-2.5,1.1,-1.5,0.1
Amar'e Stoudemire,C,25,PHO,79.0,2677.0,27.6,0.656,0.026,0.571,8.2,21.1,15.2,7.5,1.2,4.0,10.3,28.2,10.9,3.8,14.6,0.262,4.2,0.6,4.8,4.6
Amir Johnson,PF,20,DET,62.0,764.0,17.5,0.584,0.0,0.333,13.5,23.2,18.4,5.9,1.7,8.5,17.1,14.1,1.1,1.9,3.0,0.19,-2.4,3.7,1.3,0.6
Anderson Varejão,C,25,CLE,48.0,1320.0,12.0,0.485,0.007,0.278,11.2,23.6,17.2,6.3,1.5,1.6,15.1,13.4,0.5,1.9,2.4,0.086,-2.7,0.1,-2.6,-0.2
Andray Blatche,PF,21,WAS,82.0,1675.0,15.5,0.512,0.024,0.287,11.2,18.8,14.9,9.2,1.7,5.7,15.6,19.7,0.8,2.1,3.0,0.085,-2.4,0.7,-1.7,0.1
Andre Barrett,PG,25,LAC,4.0,25.0,12.5,0.51,0.6,0.4,0.0,4.7,2.3,44.3,0.0,0.0,14.5,12.7,0.0,0.0,0.0,0.078,1.5,-1.7,-0.2,0.0
Andre Brown,PF,26,MEM,33.0,286.0,13.5,0.502,0.0,0.628,14.4,21.8,18.0,4.4,1.2,1.0,12.3,17.7,0.2,0.2,0.4,0.068,-2.5,-2.2,-4.7,-0.2
Andre Iguodala,SF,24,PHI,82.0,3242.0,19.0,0.543,0.24,0.396,3.1,13.4,8.2,20.3,2.8,1.2,12.5,23.8,5.3,4.4,9.6,0.143,2.5,1.5,4.0,4.9
Andre Miller,PG,31,PHI,82.0,3016.0,18.4,0.537,0.029,0.288,3.7,9.1,6.4,32.0,1.8,0.2,13.7,22.6,5.7,2.6,8.3,0.131,2.1,-0.3,1.8,2.9
Andre Owens,PG,27,IND,31.0,392.0,10.0,0.504,0.374,0.318,3.5,9.6,6.5,17.6,1.6,0.6,16.4,16.1,0.1,0.3,0.4,0.053,-1.4,0.5,-1.0,0.1
Andrea Bargnani,PF,22,TOR,78.0,1861.0,10.6,0.495,0.36,0.233,3.2,15.2,9.2,7.4,0.7,1.6,9.9,22.5,-0.3,1.6,1.4,0.036,-2.5,-1.2,-3.7,-0.8
Andrei Kirilenko,SF,26,UTA,72.0,2217.0,17.2,0.603,0.213,0.472,6.7,11.9,9.3,18.2,2.0,4.0,17.6,16.1,4.3,2.8,7.1,0.154,3.1,2.0,5.2,4.0
Andrew Bogut,C,23,MIL,78.0,2720.0,17.5,0.532,0.008,0.354,10.2,23.4,16.5,12.4,1.2,3.9,14.1,20.2,2.6,2.3,4.8,0.085,0.0,0.0,0.0,1.4
Andrew Bynum,C,20,LAL,35.0,1008.0,22.6,0.659,0.0,0.397,12.1,26.6,19.6,9.6,0.6,5.1,13.0,17.5,3.0,1.8,4.8,0.23,2.9,1.3,4.2,1.6
Andris Biedriņš,C,21,GSW,76.0,2078.0,19.2,0.637,0.0,0.344,12.7,26.2,19.1,5.2,1.3,3.3,12.0,14.4,5.4,2.6,8.0,0.185,1.1,0.1,1.1,1.6
Andrés Nocioni,SF,28,CHI,82.0,2021.0,13.6,0.549,0.395,0.277,2.6,17.0,9.5,8.3,0.6,1.7,11.9,24.5,1.5,1.8,3.3,0.077,-0.2,-0.7,-0.8,0.6
Anfernee Hardaway,SF,36,MIA,16.0,325.0,9.0,0.469,0.317,0.15,1.1,12.0,6.5,16.8,3.1,0.2,16.9,11.2,-0.1,0.3,0.2,0.036,-3.4,2.3,-1.1,0.1
Antawn Jamison,PF,31,WAS,79.0,3061.0,20.3,0.525,0.25,0.309,8.0,23.3,15.4,7.2,1.9,0.9,6.6,25.9,6.0,3.2,9.2,0.144,3.1,-1.3,1.7,2.9
Anthony Carter,PG,32,DEN,70.0,1960.0,12.8,0.531,0.271,0.179,1.5,9.4,5.5,27.4,2.6,1.0,19.5,13.8,1.6,2.2,3.8,0.092,-1.2,1.2,-0.1,1.0
Anthony Johnson,PG,33,ATL-SAC,69.0,1531.0,11.2,0.517,0.262,0.121,1.7,8.7,5.2,26.3,1.8,0.4,18.3,13.5,1.1,0.9,2.0,0.061,-1.5,-0.2,-1.6,0.1
Anthony Parker,SG,32,TOR,82.0,2634.0,14.4,0.58,0.367,0.151,2.2,12.9,7.5,10.8,1.6,0.5,9.0,17.4,3.8,2.5,6.2,0.113,0.6,0.2,0.9,1.9
Antoine Walker,PF,31,MIN,46.0,892.0,11.4,0.455,0.501,0.176,7.1,15.0,10.9,8.0,1.9,0.7,10.2,22.8,-0.5,0.5,0.1,0.004,-0.8,-1.4,-2.2,-0.1
Antoine Wright,SG,23,NJN-DAL,56.0,1232.0,8.4,0.488,0.334,0.204,3.8,10.0,6.9,10.5,1.2,1.3,12.2,15.2,0.0,0.8,0.8,0.029,-2.9,0.0,-3.0,-0.3
Antonio Daniels,PG,32,WAS,71.0,2161.0,13.7,0.549,0.166,0.49,1.2,10.0,5.5,24.0,1.7,0.1,14.3,13.5,3.5,1.0,4.5,0.099,-0.4,-0.3,-0.8,0.7
Antonio McDyess,PF,33,DET,78.0,2285.0,14.1,0.511,0.003,0.26,10.6,24.3,17.4,6.2,1.5,1.8,10.1,15.3,2.4,4.3,6.7,0.141,-1.1,0.7,-0.5,0.9
Arron Afflalo,SG,22,DET,75.0,970.0,10.2,0.494,0.199,0.361,4.4,12.5,8.4,8.1,1.8,0.7,10.9,15.2,0.5,1.4,1.9,0.092,-2.6,1.0,-1.5,0.1
Austin Croshere,PF,32,GSW,44.0,457.0,13.2,0.573,0.445,0.234,7.4,17.3,12.2,9.0,0.9,1.0,12.7,16.0,0.8,0.3,1.1,0.112,-0.2,-0.8,-1.1,0.1
Awvee Storey,SG,30,MIL,26.0,259.0,11.5,0.452,0.079,0.326,13.5,10.9,12.3,10.1,1.4,0.3,8.9,19.4,0.1,0.0,0.2,0.031,-2.7,-2.5,-5.2,-0.2
Baron Davis,PG,28,GSW,82.0,3196.0,19.8,0.523,0.344,0.278,3.1,10.1,6.4,29.7,2.9,1.0,11.9,25.6,5.9,2.8,8.7,0.131,3.2,0.3,3.6,4.5
Ben Gordon,SG,24,CHI,72.0,2291.0,16.4,0.558,0.324,0.274,1.9,9.2,5.4,16.9,1.2,0.3,11.1,26.0,3.6,1.4,5.1,0.106,2.1,-1.2,0.9,1.7
Ben Wallace,C-PF,33,CHI-CLE,72.0,2205.0,12.0,0.408,0.011,0.48,11.6,19.6,15.5,6.9,2.1,4.2,13.6,10.0,0.1,3.5,3.6,0.078,-1.7,1.9,0.2,1.2
Beno Udrih,PG,25,SAC,65.0,2080.0,13.3,0.54,0.194,0.208,2.0,10.2,6.2,22.2,1.4,0.4,16.1,19.8,1.5,0.9,2.4,0.056,-0.2,-1.2,-1.4,0.3
Billy Thomas,SF,32,NJN-CLE,11.0,42.0,-1.9,0.391,0.941,0.118,0.0,5.6,2.7,0.0,1.3,0.0,18.3,23.7,-0.2,0.0,-0.1,-0.165,-8.6,-3.7,-12.3,-0.1
Blake Ahearn,PG,23,MIA,12.0,177.0,9.0,0.495,0.596,0.544,0.7,12.4,6.4,17.2,1.8,0.0,18.5,23.2,-0.1,0.1,0.0,-0.006,-3.5,-1.3,-4.8,-0.1
Bo Outlaw,PF,36,ORL,2.0,7.0,8.6,0.667,0.0,0.0,0.0,0.0,0.0,0.0,0.0,0.0,25.0,26.2,0.0,0.0,0.0,-0.071,-5.5,0.8,-4.7,0.0
Bobby Jackson,SG-PG,34,NOH-HOU,72.0,1389.0,13.5,0.51,0.447,0.16,2.7,12.4,7.5,15.9,1.7,0.3,9.8,20.0,1.3,1.7,3.0,0.105,0.0,0.6,0.6,0.9
Bobby Jones,SF,24,DEN-MEM-HOU-MIA-SAS,47.0,531.0,9.9,0.548,0.379,0.364,6.2,13.3,9.8,7.9,1.4,0.4,14.7,15.9,0.4,0.4,0.8,0.07,-3.3,-0.4,-3.7,-0.2
Bobby Simmons,SF,27,MIL,70.0,1521.0,10.3,0.504,0.345,0.141,5.0,12.8,8.7,8.4,1.7,0.3,12.9,17.9,0.2,0.5,0.7,0.022,-1.9,-1.2,-3.2,-0.4
Bonzi Wells,SG,31,HOU-NOH,73.0,1562.0,14.4,0.495,0.088,0.399,6.2,17.8,12.0,10.2,2.6,1.5,13.3,22.7,-0.1,3.0,3.0,0.092,-2.0,1.7,-0.3,0.7
Boris Diaw,PF,25,PHO,82.0,2308.0,12.0,0.516,0.063,0.2,5.2,12.7,9.3,19.0,1.3,1.1,18.1,16.6,1.1,1.9,3.0,0.063,-1.0,0.2,-0.8,0.7
Boštjan Nachbar,PF,27,NJN,75.0,1660.0,12.4,0.531,0.43,0.322,3.9,14.3,9.1,9.3,1.4,1.0,10.9,21.5,1.0,1.2,2.2,0.064,-0.8,-1.0,-1.8,0.1
Brad Miller,C,31,SAC,72.0,2513.0,16.8,0.558,0.124,0.424,8.0,23.7,16.0,16.6,1.4,2.3,16.0,18.3,3.8,2.7,6.5,0.125,0.9,0.8,1.7,2.3
Brandan Wright,PF,20,GSW,38.0,376.0,17.2,0.583,0.0,0.357,10.4,18.1,14.1,3.4,0.8,4.3,9.1,16.0,0.8,0.3,1.1,0.142,0.2,-0.6,-0.4,0.2
Brandon Bass,C,22,DAL,79.0,1557.0,15.9,0.564,0.008,0.4,9.2,16.3,12.9,6.1,0.8,2.3,12.4,19.8,2.4,1.9,4.3,0.132,-0.2,-0.2,-0.4,0.6
Brandon Roy,SG,23,POR,74.0,2792.0,19.4,0.531,0.184,0.319,3.4,11.2,7.3,28.2,1.5,0.4,9.3,24.9,5.9,2.1,8.0,0.138,3.2,0.1,3.3,3.6
Brendan Haywood,C,28,WAS,80.0,2228.0,18.3,0.582,0.0,0.491,14.0,16.4,15.2,5.2,0.7,5.0,12.9,17.3,4.9,1.9,6.8,0.146,0.6,-0.8,-0.2,1.0
Brent Barry,SF,36,SAS,31.0,554.0,16.7,0.655,0.7,0.125,2.6,9.0,5.9,16.1,1.7,0.4,9.6,16.1,1.5,0.8,2.3,0.203,2.4,1.2,3.6,0.8
Brevin Knight,PG,32,LAC,74.0,1674.0,11.4,0.453,0.018,0.208,1.0,8.8,4.9,31.1,3.1,0.5,16.0,12.2,0.5,1.6,2.1,0.06,-3.3,1.6,-1.7,0.1
Brian Cardinal,PF,30,MEM,37.0,440.0,7.3,0.461,0.643,0.151,6.6,18.0,12.2,7.4,1.1,0.3,14.6,15.9,-0.2,0.2,0.0,0.003,-3.9,-1.3,-5.2,-0.4
Brian Cook,PF,27,LAL-ORL,51.0,629.0,8.6,0.489,0.491,0.09,5.3,14.2,10.0,6.8,1.1,1.4,13.8,20.5,-0.4,0.7,0.4,0.029,-3.1,-0.7,-3.8,-0.3
Brian Scalabrine,PF,29,BOS,48.0,512.0,5.1,0.428,0.489,0.213,5.4,12.5,9.2,11.2,0.9,1.3,20.2,11.7,-0.3,0.9,0.6,0.057,-3.8,1.0,-2.8,-0.1
Brian Skinner,C,31,PHO,66.0,844.0,11.4,0.485,0.015,0.318,9.2,21.7,15.9,2.4,1.2,6.0,14.7,14.0,-0.2,1.4,1.2,0.069,-4.1,1.1,-3.0,-0.2
Bruce Bowen,SF,36,SAS,81.0,2448.0,7.0,0.527,0.502,0.161,1.6,9.6,5.6,5.5,1.2,0.7,9.1,9.9,0.9,3.4,4.4,0.085,-2.9,1.5,-1.4,0.4
C.J. Miles,SG,20,UTA,60.0,689.0,14.2,0.574,0.326,0.22,2.9,10.9,6.9,11.5,2.4,0.9,9.4,18.6,1.1,0.8,1.9,0.134,-0.1,0.7,0.6,0.5
C.J. Watson,PG,23,GSW,32.0,368.0,11.0,0.519,0.257,0.287,3.6,5.8,4.7,12.8,2.0,0.0,13.7,15.1,0.3,0.1,0.4,0.056,-2.0,-0.9,-2.8,-0.1
Calvin Booth,C,31,PHI,31.0,204.0,7.1,0.382,0.0,0.37,3.5,18.8,11.1,5.4,1.6,7.0,11.3,7.8,-0.1,0.4,0.3,0.065,-5.5,3.2,-2.3,0.0
Carl Landry,PF,24,HOU,42.0,711.0,21.4,0.641,0.005,0.498,15.5,17.3,16.4,5.2,1.3,0.7,8.9,18.8,2.5,1.2,3.7,0.251,1.6,-0.1,1.5,0.6
Carlos Arroyo,PG,28,ORL,62.0,1269.0,12.8,0.547,0.241,0.293,0.9,9.0,5.1,26.6,1.1,0.1,16.4,17.0,1.7,1.1,2.8,0.107,-0.5,-0.4,-0.9,0.3
Carlos Boozer,PF,26,UTA,81.0,2827.0,21.9,0.581,0.001,0.303,8.6,27.7,18.2,14.2,1.8,1.2,12.5,26.6,5.9,4.3,10.2,0.173,2.5,0.3,2.8,3.5
Carlos Delfino,SG,25,TOR,82.0,1928.0,13.6,0.527,0.497,0.247,4.0,18.1,11.0,11.3,1.9,0.5,9.7,19.0,1.7,2.3,4.0,0.1,0.0,0.3,0.4,1.2
Carmelo Anthony,SF,23,DEN,77.0,2806.0,21.1,0.568,0.111,0.398,7.0,14.9,11.0,16.1,1.7,1.0,12.7,30.2,5.2,3.0,8.2,0.14,2.5,-0.9,1.6,2.5
Caron Butler,SF,27,WAS,58.0,2314.0,20.7,0.558,0.196,0.278,4.6,15.4,9.8,21.9,3.0,0.7,12.4,24.0,4.8,2.4,7.2,0.15,3.0,1.1,4.1,3.5
Casey Jacobsen,SG,26,MEM,53.0,547.0,4.5,0.437,0.626,0.148,2.4,11.0,6.7,5.2,0.5,0.1,11.6,11.3,-0.3,0.0,-0.3,-0.023,-4.0,-1.6,-5.6,-0.5
Cedric Simmons,PF,22,CLE-CHI,14.0,87.0,0.0,0.217,0.0,0.714,7.6,16.2,11.8,0.0,1.2,4.5,24.6,12.6,-0.4,0.1,-0.2,-0.134,-8.5,-0.9,-9.4,-0.2
Channing Frye,C,24,POR,78.0,1342.0,14.8,0.529,0.022,0.241,9.4,21.6,15.5,7.4,1.2,1.6,9.9,19.6,1.6,1.6,3.2,0.114,-1.9,0.1,-1.8,0.1
Charlie Bell,SG,28,MIL,68.0,1628.0,10.9,0.49,0.447,0.179,2.1,10.3,6.0,19.9,1.7,0.1,12.7,16.6,1.0,0.3,1.3,0.038,-1.4,-1.1,-2.5,-0.2
Charlie Villanueva,PF,23,MIL,76.0,1829.0,14.9,0.502,0.227,0.193,8.9,21.5,15.0,7.5,0.9,1.5,10.8,24.4,0.9,0.9,1.7,0.045,-0.4,-2.4,-2.8,-0.3
Chauncey Billups,PG,31,DET,78.0,2522.0,23.6,0.619,0.39,0.498,2.0,8.1,5.0,34.7,2.2,0.5,13.0,23.0,10.2,3.4,13.5,0.257,6.5,1.2,7.7,6.2
Cheikh Samb,C,23,DET,4.0,31.0,12.0,0.717,0.0,0.5,11.5,15.5,13.5,0.0,1.8,5.1,17.0,8.9,0.1,0.1,0.1,0.178,-4.2,1.9,-2.3,0.0
Chris Andersen,C,29,NOH,5.0,34.0,6.1,0.342,0.0,0.571,6.7,24.6,15.5,0.0,0.0,9.2,10.2,13.3,-0.1,0.1,0.0,0.012,-6.7,0.2,-6.5,0.0
Chris Bosh,C,23,TOR,67.0,2425.0,23.8,0.588,0.024,0.544,8.4,20.1,14.2,12.1,1.4,2.2,10.7,27.7,7.0,3.1,10.1,0.2,4.0,0.4,4.4,3.9
Chris Duhon,PG,25,CHI,66.0,1490.0,11.1,0.508,0.451,0.233,1.4,7.6,4.4,26.5,1.7,0.1,15.8,13.4,1.3,1.0,2.3,0.075,-1.5,-0.2,-1.7,0.1
Chris Kaman,C,25,LAC,56.0,2083.0,17.5,0.538,0.006,0.379,9.5,30.0,19.7,9.3,0.8,5.6,16.7,21.7,0.4,3.2,3.6,0.083,-0.9,1.2,0.3,1.2
Chris Mihm,C,28,LAL,23.0,278.0,7.7,0.384,0.0,0.284,11.7,18.8,15.4,6.6,0.7,3.6,13.7,19.6,-0.4,0.4,0.0,-0.004,-6.2,-1.8,-8.0,-0.4
Chris Paul,PG,22,NOH,80.0,3006.0,28.3,0.576,0.193,0.302,2.4,10.3,6.2,52.2,3.9,0.1,12.1,25.7,13.2,4.6,17.8,0.284,7.2,3.2,10.4,9.3
Chris Quinn,PG,24,MIA,60.0,1340.0,13.8,0.559,0.426,0.263,1.0,9.7,5.3,22.5,1.8,0.2,11.7,16.6,1.9,0.7,2.6,0.092,-0.2,-0.3,-0.5,0.5
Chris Richard,C,23,MIN,52.0,556.0,7.9,0.496,0.0,0.31,10.5,17.9,14.1,4.6,0.9,1.7,19.5,10.0,0.1,0.3,0.4,0.037,-4.6,-1.1,-5.7,-0.5
Chris Webber,PF,34,GSW,9.0,126.0,10.7,0.482,0.0,0.387,1.6,26.5,13.6,19.3,1.5,3.5,23.3,15.8,-0.1,0.2,0.1,0.025,-3.6,2.5,-1.1,0.0
Chris Wilcox,PF,25,SEA,62.0,1739.0,16.3,0.554,0.005,0.389,7.9,19.2,13.6,7.1,1.3,1.5,12.1,21.2,1.7,1.6,3.4,0.093,-0.7,-0.3,-1.0,0.4
Chuck Hayes,PF,24,HOU,79.0,1575.0,11.2,0.512,0.014,0.109,9.6,20.8,15.3,8.4,2.9,2.0,21.1,8.5,0.8,3.7,4.4,0.136,-3.2,4.1,0.8,1.1
Chucky Atkins,SG,33,DEN,24.0,352.0,8.9,0.449,0.648,0.074,0.9,8.4,4.8,18.7,1.2,0.2,7.4,16.4,0.1,0.2,0.3,0.04,-1.8,-1.1,-3.0,-0.1
Coby Karl,SG,24,LAL,17.0,71.0,15.8,0.493,0.5,0.385,4.9,16.5,10.9,18.3,2.8,2.0,14.1,22.0,0.0,0.1,0.2,0.106,-0.3,0.7,0.4,0.0
Corey Brewer,SF,21,MIN,79.0,1803.0,8.3,0.429,0.074,0.226,5.1,13.9,9.4,9.1,2.2,1.1,14.3,15.6,-1.4,1.2,-0.2,-0.005,-4.2,0.1,-4.1,-1.0
Corey Maggette,SF,28,LAC,70.0,2502.0,19.3,0.595,0.203,0.681,3.6,14.7,9.1,14.3,1.5,0.2,13.0,27.6,5.1,1.8,6.9,0.133,2.6,-0.7,1.9,2.4
Courtney Sims,C,24,IND,3.0,11.0,1.1,0.0,0.0,0.0,9.7,10.1,9.9,11.6,0.0,0.0,0.0,3.9,0.0,0.0,0.0,0.008,-6.0,-1.6,-7.5,0.0
Craig Smith,PF,24,MIN,77.0,1547.0,16.7,0.59,0.017,0.379,8.9,17.8,13.2,6.6,1.2,0.9,12.6,20.6,2.7,0.9,3.5,0.109,-0.3,-1.0,-1.3,0.3
Cuttino Mobley,SG,32,LAC,77.0,2702.0,11.5,0.514,0.221,0.229,2.1,9.7,5.9,13.1,1.5,0.9,11.4,18.5,0.4,1.7,2.1,0.037,-1.7,-0.6,-2.3,-0.2
D.J. Mbenga,C,27,GSW-LAL,42.0,326.0,9.4,0.465,0.0,0.143,9.4,14.7,12.1,4.3,1.1,5.8,11.8,13.5,0.0,0.4,0.4,0.066,-5.7,0.4,-5.3,-0.3
D.J. Strawberry,SG,22,PHO,33.0,270.0,6.2,0.364,0.272,0.207,4.1,7.4,5.9,14.8,2.2,1.5,9.9,18.5,-0.4,0.2,-0.2,-0.031,-5.9,0.3,-5.6,-0.2
Daequan Cook,SG,20,MIA,59.0,1441.0,7.9,0.48,0.463,0.111,1.6,13.3,7.4,9.1,0.8,0.5,10.5,19.8,-1.0,0.6,-0.4,-0.013,-3.4,-1.9,-5.2,-1.2
Dahntay Jones,SG,27,SAC,25.0,206.0,13.5,0.537,0.113,0.962,4.1,15.7,10.0,8.9,2.0,2.3,11.7,18.5,0.2,0.2,0.4,0.096,-1.7,1.1,-0.6,0.1
Damien Wilkins,SF,28,SEA,76.0,1843.0,11.3,0.474,0.23,0.214,4.3,10.2,7.2,12.7,1.7,0.7,10.8,19.4,-0.1,1.2,1.0,0.027,-2.0,-0.3,-2.3,-0.2
Damon Jones,SG,31,CLE,67.0,1336.0,11.3,0.582,0.76,0.077,0.4,5.9,3.1,15.1,0.8,0.1,8.8,14.0,2.4,0.7,3.0,0.108,0.6,-1.1,-0.4,0.5
Damon Stoudamire,PG,34,MEM-SAS,60.0,1037.0,8.9,0.45,0.442,0.101,2.2,10.8,6.5,24.6,1.5,0.1,18.5,19.1,-0.9,0.8,-0.1,-0.004,-2.7,-1.0,-3.7,-0.4
Dan Dickau,PG,29,LAC,67.0,1040.0,12.5,0.53,0.365,0.277,1.4,9.4,5.4,27.9,1.6,0.2,14.2,17.2,0.9,0.6,1.5,0.071,-1.4,-0.4,-1.7,0.1
Dan Gadzuric,C,29,MIL,51.0,534.0,10.7,0.443,0.006,0.409,14.2,17.7,15.9,3.2,2.0,3.5,15.8,18.2,-0.4,0.4,0.1,0.006,-4.8,-1.3,-6.1,-0.6
Daniel Gibson,PG,21,CLE,58.0,1765.0,11.7,0.592,0.576,0.226,1.9,6.9,4.3,13.1,1.4,0.6,12.9,15.1,2.7,1.4,4.1,0.111,-0.4,0.0,-0.4,0.7
Danny Granger,SF,24,IND,80.0,2876.0,16.7,0.571,0.351,0.314,3.4,15.2,9.2,9.6,1.6,2.2,11.1,23.2,4.1,3.2,7.3,0.122,1.3,0.1,1.4,2.5
Darius Songaila,C,29,WAS,80.0,1554.0,11.8,0.496,0.004,0.156,6.0,14.7,10.2,14.2,1.8,0.9,14.7,17.3,0.6,1.2,1.7,0.053,-2.3,-0.3,-2.6,-0.2
Darius Washington,SG,22,SAS,18.0,146.0,9.0,0.493,0.25,0.271,3.3,12.8,8.1,17.1,1.9,0.0,20.7,22.2,-0.2,0.2,0.0,0.012,-4.9,0.2,-4.7,-0.1
Darko Miličić,C,22,MEM,70.0,1663.0,11.0,0.456,0.002,0.242,8.5,20.2,14.3,5.4,1.0,5.0,15.4,17.5,-1.4,1.6,0.2,0.006,-4.0,0.2,-3.8,-0.8
Darrell Armstrong,PG,39,NJN,50.0,549.0,8.7,0.499,0.627,0.273,3.6,10.6,7.1,20.5,2.7,0.3,25.0,13.7,-0.2,0.5,0.3,0.024,-3.5,0.8,-2.7,-0.1
Darrick Martin,PG,36,TOR,17.0,141.0,5.8,0.296,0.372,0.14,2.5,3.4,2.9,20.6,2.3,0.0,2.1,15.6,-0.2,0.1,-0.1,-0.021,-5.1,0.5,-4.6,-0.1
Darryl Watkins,C,23,SAC,9.0,71.0,0.5,0.349,0.0,0.333,8.5,11.4,10.0,0.0,1.4,2.2,28.9,15.2,-0.2,0.0,-0.2,-0.136,-8.4,-3.4,-11.8,-0.2
David Harrison,C,25,IND,55.0,702.0,8.6,0.539,0.0,0.565,6.5,11.9,9.1,3.0,1.4,6.3,21.5,16.7,-0.5,0.9,0.4,0.03,-7.3,1.4,-5.9,-0.7
David Lee,PF,24,NYK,81.0,2356.0,18.0,0.606,0.003,0.383,11.3,24.1,17.5,6.7,1.2,1.0,11.8,15.6,5.6,1.8,7.4,0.151,1.1,-0.7,0.4,1.4
David West,PF,27,NOH,76.0,2870.0,19.9,0.535,0.019,0.27,7.2,20.6,13.7,10.6,1.2,2.7,10.2,26.3,4.3,4.0,8.4,0.14,1.3,0.2,1.5,2.6
DeSagana Diop,C,26,DAL-NJN,79.0,1295.0,12.5,0.536,0.0,0.389,14.6,20.3,17.5,4.6,1.1,5.1,21.6,9.6,1.0,2.0,3.0,0.113,-1.7,1.1,-0.6,0.5
DeShawn Stevenson,SG,26,WAS,82.0,2564.0,12.6,0.529,0.529,0.253,1.6,9.3,5.4,15.5,1.4,0.5,10.5,17.4,3.2,0.9,4.1,0.077,0.9,-1.0,-0.2,1.2
Delonte West,PG,24,SEA-CLE,61.0,1533.0,12.1,0.492,0.284,0.192,2.2,11.9,7.0,23.5,2.0,1.4,18.5,18.3,-0.2,1.5,1.3,0.041,-1.5,0.8,-0.8,0.5
Demetris Nichols,SF,23,CLE-CHI,14.0,44.0,-1.9,0.326,0.565,0.0,0.0,13.3,6.4,3.9,0.0,5.3,14.8,27.4,-0.3,0.0,-0.2,-0.234,-8.6,-3.5,-12.1,-0.1
DerMarr Johnson,SF,27,SAS,5.0,28.0,17.3,0.571,0.643,0.143,0.0,4.2,2.1,7.2,1.9,0.0,0.0,25.5,0.0,0.0,0.1,0.143,1.7,0.8,2.5,0.0
Derek Anderson,SG,33,CHA,28.0,396.0,10.0,0.497,0.416,0.304,2.6,12.6,7.5,17.8,1.6,0.2,15.0,19.3,0.0,0.3,0.3,0.032,-2.6,-0.7,-3.2,-0.1
Derek Fisher,PG,33,LAL,82.0,2249.0,13.8,0.556,0.355,0.242,1.2,6.9,4.2,15.9,1.9,0.1,9.5,18.6,3.7,2.0,5.7,0.121,-0.3,0.0,-0.4,0.9
Deron Williams,PG,23,UTA,82.0,3059.0,20.8,0.595,0.188,0.368,1.4,8.3,4.9,43.6,1.5,0.6,17.7,23.1,8.9,2.3,11.3,0.177,4.9,-1.1,3.8,4.5
Desmond Mason,SF,30,MIL,59.0,1702.0,12.3,0.519,0.0,0.363,5.0,13.1,8.8,11.3,1.2,1.4,13.0,16.8,1.0,0.5,1.5,0.041,-1.2,-0.9,-2.1,0.0
Devean George,SF,30,DAL,53.0,821.0,7.0,0.437,0.329,0.164,4.1,14.9,9.6,6.3,1.2,1.2,9.8,14.0,-0.3,1.0,0.7,0.039,-3.4,0.6,-2.8,-0.2
Devin Brown,SG,29,CLE,78.0,1762.0,11.3,0.494,0.275,0.267,4.1,13.2,8.5,16.1,1.6,0.3,14.3,17.8,0.6,1.7,2.4,0.064,-2.1,-0.1,-2.1,-0.1
Devin Harris,PG,24,DAL-NJN,64.0,2022.0,17.5,0.573,0.241,0.434,1.6,8.2,5.0,31.1,2.4,0.4,16.3,22.6,3.6,1.9,5.6,0.132,1.2,-0.2,1.0,1.5
Dikembe Mutombo,C,41,HOU,39.0,619.0,14.5,0.591,0.0,0.563,12.6,23.5,18.1,1.2,0.9,5.7,14.6,8.6,0.9,1.4,2.3,0.178,-1.2,2.5,1.3,0.5
Dirk Nowitzki,PF,29,DAL,77.0,2769.0,24.6,0.585,0.167,0.414,4.1,22.8,13.8,17.8,1.0,1.9,9.3,28.8,8.9,4.0,12.9,0.223,5.6,1.0,6.6,6.0
Dominic McGuire,SG,22,WAS,70.0,695.0,6.6,0.397,0.058,0.311,8.7,14.9,11.7,8.3,1.5,3.1,25.5,10.4,-0.6,0.6,0.0,-0.003,-4.4,0.1,-4.3,-0.4
Donyell Marshall,PF,34,CLE-SEA,26.0,340.0,9.8,0.455,0.541,0.224,7.8,17.2,12.4,4.4,0.9,3.6,12.2,16.0,-0.1,0.4,0.3,0.042,-2.2,-1.0,-3.1,-0.1
Dorell Wright,SF,22,MIA,44.0,1104.0,14.4,0.537,0.038,0.235,5.1,19.0,11.9,9.4,1.4,3.0,8.2,15.1,1.2,1.1,2.2,0.096,-0.7,0.7,0.1,0.6
Drew Gooden,PF,26,CLE-CHI,69.0,2122.0,13.8,0.495,0.008,0.291,9.1,23.0,15.8,6.5,1.2,2.0,12.8,20.3,0.5,2.8,3.3,0.074,-2.1,-0.7,-2.8,-0.4
Dwayne Jones,PF,24,CLE,56.0,472.0,11.1,0.538,0.021,1.234,16.2,17.7,16.9,3.1,1.1,4.2,19.0,8.6,0.5,0.7,1.2,0.121,-3.7,0.1,-3.6,-0.2
Dwight Howard,C,22,ORL,82.0,3088.0,22.9,0.619,0.004,0.921,10.9,31.6,21.7,6.1,1.2,4.2,16.1,24.2,6.4,6.4,12.9,0.2,1.6,1.2,2.8,3.7
Dwyane Wade,SG,26,MIA,51.0,1954.0,21.5,0.549,0.082,0.498,2.7,10.5,6.6,37.5,2.4,1.5,16.4,33.1,1.8,1.5,3.3,0.082,3.1,-0.2,2.9,2.3
Earl Barron,C,26,MIA,46.0,889.0,9.4,0.446,0.04,0.266,8.9,17.9,13.3,5.8,1.1,0.7,11.6,22.0,-1.0,0.6,-0.4,-0.019,-5.0,-2.2,-7.2,-1.2
Earl Boykins,PG,31,CHA,36.0,577.0,10.0,0.467,0.256,0.343,1.8,5.0,3.4,26.0,1.2,0.0,17.2,19.0,-0.1,0.1,0.0,0.001,-2.0,-2.8,-4.8,-0.4
Earl Watson,PG,28,SEA,78.0,2269.0,14.6,0.517,0.177,0.194,2.1,8.7,5.4,36.6,1.5,0.3,17.8,18.8,1.7,1.1,2.9,0.061,0.1,-1.0,-0.9,0.6
Eddie Gill,PG,29,NJN-SEA,14.0,154.0,10.9,0.543,0.484,0.29,0.8,15.8,8.3,22.1,2.4,1.0,20.5,13.0,0.1,0.2,0.2,0.077,-2.8,2.1,-0.6,0.1
Eddie House,PG,29,BOS,78.0,1480.0,13.0,0.534,0.561,0.068,1.6,11.2,6.7,16.9,2.1,0.6,12.2,19.6,1.1,2.8,3.9,0.127,0.4,1.4,1.8,1.4
Eddie Jones,SG,36,DAL,47.0,922.0,7.6,0.473,0.644,0.078,2.3,13.8,8.3,10.8,1.5,0.6,13.5,10.9,0.1,1.0,1.1,0.058,-2.3,1.3,-1.0,0.2
Eddy Curry,C,25,NYK,59.0,1530.0,15.0,0.578,0.0,0.551,8.0,12.6,10.2,3.8,0.5,1.5,15.7,23.5,1.3,0.4,1.7,0.053,-0.8,-2.0,-2.8,-0.3
Eduardo Nájera,PF,31,DEN,78.0,1664.0,12.1,0.57,0.399,0.242,7.5,14.3,11.0,7.8,2.0,1.7,12.7,11.9,2.1,2.0,4.1,0.118,-0.8,1.0,0.2,0.9
Elton Brand,PF,28,LAC,8.0,274.0,18.0,0.523,0.0,0.412,8.8,18.2,13.5,11.2,0.6,4.1,11.2,25.5,0.2,0.3,0.5,0.08,0.3,-0.6,-0.3,0.1
Emeka Okafor,C,25,CHA,82.0,2718.0,17.4,0.553,0.0,0.435,10.7,26.4,18.5,4.5,1.2,3.9,13.8,20.0,2.2,3.6,5.8,0.103,-0.7,-0.4,-1.1,0.6
Eric Piatkowski,SF,37,PHO,16.0,113.0,8.3,0.561,0.788,0.121,1.1,10.2,6.0,11.8,0.0,0.6,14.7,16.1,0.1,0.0,0.1,0.045,-0.9,-1.6,-2.5,0.0
Eric Snow,PG,34,CLE,22.0,305.0,3.1,0.231,0.053,0.579,1.4,6.2,3.7,19.1,1.7,1.0,17.3,8.6,-0.4,0.3,-0.1,-0.021,-6.7,0.3,-6.4,-0.3
Erick Dampier,C,32,DAL,72.0,1755.0,15.3,0.645,0.0,0.527,14.1,21.2,17.8,5.4,0.7,4.4,19.0,11.2,3.3,2.8,6.0,0.165,-0.2,1.2,1.1,1.4
Fabricio Oberto,C,32,SAS,82.0,1644.0,13.8,0.615,0.003,0.206,11.1,19.6,15.4,9.1,1.2,0.9,13.6,10.9,3.2,2.9,6.1,0.178,-1.2,1.7,0.4,1.0
Francisco Elson,C,31,SAS-SEA,63.0,813.0,6.9,0.416,0.004,0.157,7.1,21.0,14.2,4.6,1.0,1.8,15.7,17.0,-1.3,1.2,0.0,-0.001,-6.3,0.0,-6.3,-0.9
Francisco García,SF,26,SAC,79.0,2096.0,15.1,0.576,0.384,0.277,3.0,11.7,7.4,10.2,2.3,1.8,13.2,20.7,2.4,1.8,4.2,0.097,0.7,0.1,0.8,1.5
Fred Jones,SG,28,NYK,70.0,1757.0,10.9,0.546,0.444,0.292,1.9,9.4,5.5,14.7,1.4,0.8,13.8,14.4,1.7,0.6,2.2,0.061,-1.2,-0.2,-1.3,0.3
Gabe Pruitt,PG,21,BOS,15.0,95.0,8.3,0.401,0.308,0.051,1.3,8.3,5.0,22.5,2.8,0.0,11.1,22.0,-0.1,0.2,0.1,0.028,-5.7,0.8,-4.8,-0.1
Gerald Green,SF,22,MIN-HOU,30.0,362.0,8.7,0.453,0.258,0.272,4.1,16.9,10.2,12.5,1.2,0.9,15.9,25.1,-0.5,0.2,-0.4,-0.048,-3.2,-1.2,-4.3,-0.2
Gerald Wallace,PF,25,CHA,62.0,2376.0,17.5,0.547,0.243,0.471,2.8,15.3,9.0,15.9,2.9,1.9,14.1,24.6,1.8,2.8,4.6,0.094,0.8,1.3,2.1,2.5
Gilbert Arenas,PG,26,WAS,13.0,425.0,18.2,0.529,0.398,0.49,1.6,12.8,7.0,27.4,2.9,0.2,17.1,31.1,0.2,0.4,0.6,0.07,2.3,0.1,2.4,0.5
Glen Davis,C,22,BOS,69.0,940.0,11.3,0.545,0.0,0.679,12.8,13.5,13.2,4.6,1.7,1.7,18.5,17.4,0.6,1.9,2.5,0.128,-3.6,0.7,-3.0,-0.2
Gordan Giriček,SG,30,UTA-PHI-PHO,56.0,831.0,9.8,0.518,0.328,0.086,2.4,10.8,6.7,11.0,1.5,0.4,14.2,19.7,-0.1,0.6,0.5,0.029,-2.4,-0.8,-3.2,-0.3
Grant Hill,SF,35,PHO,70.0,2222.0,15.7,0.576,0.146,0.275,4.1,13.1,9.0,13.1,1.5,1.6,10.7,18.0,3.8,2.1,5.9,0.127,0.9,0.5,1.4,1.9
Greg Buckner,SG,31,MIN,31.0,520.0,7.2,0.489,0.427,0.188,2.2,12.7,7.2,10.8,2.1,0.3,18.6,13.5,-0.2,0.3,0.1,0.008,-4.4,0.2,-4.1,-0.3
Guillermo Díaz,SG,22,LAC,6.0,18.0,9.9,0.403,0.25,1.25,12.7,0.0,6.4,8.5,0.0,0.0,0.0,15.9,0.0,0.0,0.0,0.033,-0.2,-2.7,-2.9,0.0
Hakim Warrick,PF,25,MEM,75.0,1754.0,16.2,0.555,0.074,0.398,7.8,15.0,11.4,5.2,1.0,1.2,10.0,21.6,2.5,0.8,3.3,0.09,-0.3,-1.6,-1.9,0.0
Hedo Türkoğlu,SF,28,ORL,82.0,3026.0,17.8,0.576,0.34,0.321,3.3,14.2,9.0,22.9,1.3,0.6,15.0,24.8,5.6,3.5,9.0,0.143,2.6,0.1,2.7,3.6
Hilton Armstrong,C,23,NOH,65.0,732.0,7.7,0.498,0.0,0.473,10.1,16.0,13.0,4.4,1.1,3.6,24.8,15.1,-0.5,1.0,0.5,0.032,-6.3,0.5,-5.8,-0.7
Ian Mahinmi,C,21,SAS,6.0,23.0,35.3,0.658,0.0,0.75,0.0,25.3,12.8,9.0,0.0,13.2,11.1,37.4,0.1,0.1,0.2,0.372,0.8,5.8,6.6,0.0
Ike Diogu,PF,24,IND,30.0,305.0,17.2,0.543,0.0,0.351,13.3,17.1,15.2,5.7,1.1,0.7,11.4,24.8,0.4,0.3,0.7,0.115,-0.9,-2.3,-3.2,-0.1
Ime Udoka,PF,30,SAS,73.0,1316.0,11.5,0.528,0.44,0.155,3.3,17.0,10.2,7.7,2.3,1.0,12.6,16.7,0.2,2.6,2.8,0.102,-2.0,2.2,0.2,0.7
Ira Newble,SG-SF,33,CLE-SEA-LAL,49.0,698.0,9.7,0.507,0.282,0.149,7.5,13.1,10.2,4.0,2.1,0.9,15.5,14.2,0.1,0.8,0.9,0.061,-2.9,-0.1,-3.0,-0.2
J.J. Barea,PG,23,DAL,44.0,460.0,11.7,0.515,0.318,0.206,1.0,10.5,5.9,20.6,1.6,0.2,15.9,22.3,0.0,0.5,0.5,0.052,-1.7,-0.2,-1.9,0.0
J.J. Redick,SG,23,ORL,34.0,276.0,12.7,0.569,0.398,0.315,0.4,8.8,4.8,9.7,0.7,0.0,10.9,22.9,0.3,0.2,0.5,0.091,-1.0,-1.4,-2.4,0.0
J.R. Smith,SG,22,DEN,74.0,1421.0,18.1,0.603,0.579,0.264,3.3,8.1,5.8,14.7,2.1,0.6,13.0,25.8,2.5,1.3,3.7,0.126,3.4,-0.8,2.6,1.6
Jacque Vaughn,PG,32,SAS,74.0,1139.0,9.2,0.481,0.035,0.283,1.4,6.2,3.8,21.9,1.1,0.1,14.5,15.6,0.3,1.4,1.6,0.069,-3.9,0.4,-3.5,-0.4
Jake Voskuhl,C,30,MIL,44.0,386.0,8.7,0.528,0.0,0.363,8.8,21.3,14.8,5.1,1.2,4.3,23.8,14.2,-0.1,0.3,0.2,0.025,-6.3,0.4,-5.9,-0.4
Jamaal Magloire,C,29,NJN-DAL,31.0,286.0,1.4,0.377,0.0,0.8,7.7,28.3,18.0,3.7,0.2,2.7,28.7,16.8,-1.0,0.3,-0.6,-0.109,-9.9,-0.9,-10.8,-0.6
Jamaal Tinsley,PG,29,IND,39.0,1293.0,12.8,0.458,0.305,0.216,2.0,10.0,5.9,38.8,2.5,0.6,20.4,21.3,-0.6,1.3,0.8,0.028,-1.0,-0.5,-1.5,0.1
Jamal Crawford,SG,27,NYK,80.0,3190.0,16.0,0.528,0.355,0.274,1.3,6.3,3.7,22.0,1.3,0.4,11.0,24.6,4.6,0.4,5.0,0.076,2.1,-1.8,0.3,1.9
Jamario Moon,SF,27,TOR,78.0,2166.0,15.0,0.54,0.212,0.148,5.0,21.6,13.2,6.2,2.0,4.0,7.7,14.4,2.1,3.6,5.7,0.126,0.0,1.9,1.9,2.2
Jameer Nelson,PG,25,ORL,69.0,1961.0,15.5,0.564,0.255,0.25,1.7,12.1,7.1,31.1,1.7,0.1,17.4,19.0,3.4,2.2,5.6,0.136,0.7,0.5,1.2,1.6
James Augustine,PF,23,ORL,25.0,149.0,10.8,0.533,0.0,0.235,12.9,10.4,11.6,2.1,1.7,1.0,13.8,13.4,0.1,0.2,0.3,0.098,-2.5,-0.3,-2.8,0.0
James Jones,SF,27,POR,58.0,1276.0,13.6,0.625,0.627,0.3,4.0,10.8,7.4,4.3,1.0,0.9,7.0,14.8,2.9,0.8,3.7,0.139,1.4,-0.2,1.3,1.1
James Posey,PF,31,BOS,74.0,1821.0,12.0,0.587,0.674,0.278,2.1,18.0,10.5,9.5,2.1,0.9,12.3,13.5,2.2,4.0,6.2,0.164,0.0,2.5,2.5,2.1
Jannero Pargo,SG,28,NOH,80.0,1497.0,11.9,0.468,0.285,0.124,2.0,8.3,5.1,20.4,1.8,0.3,11.9,24.2,-0.3,1.4,1.1,0.037,-1.8,-0.9,-2.7,-0.3
Jared Dudley,PF,22,CHA,73.0,1384.0,13.6,0.528,0.118,0.339,10.0,13.8,11.9,9.3,2.1,0.5,11.1,14.9,1.8,1.1,2.9,0.1,-0.7,0.0,-0.7,0.4
Jared Jeffries,SF,26,NYK,73.0,1325.0,7.9,0.433,0.093,0.344,9.8,11.1,10.4,7.5,1.4,1.3,17.1,12.7,-0.5,0.6,0.1,0.002,-3.4,-0.7,-4.1,-0.7
Jarrett Jack,SG,24,POR,82.0,2229.0,13.0,0.558,0.306,0.4,1.6,10.7,6.2,22.7,1.5,0.0,19.6,19.3,1.6,1.5,3.2,0.069,-0.8,-0.4,-1.2,0.5
Jarron Collins,C,29,UTA,70.0,702.0,6.1,0.515,0.012,0.902,7.0,13.1,10.1,6.8,0.7,0.7,16.1,8.7,0.5,0.5,1.0,0.07,-3.3,-0.1,-3.4,-0.3
Jarvis Hayes,SF,26,DET,82.0,1287.0,13.0,0.52,0.385,0.119,3.2,13.3,8.3,8.1,2.0,0.4,8.1,21.1,1.0,1.9,2.9,0.108,-1.0,0.4,-0.6,0.5
Jason Collins,C,29,NJN-MEM,74.0,1172.0,3.4,0.481,0.009,0.655,6.2,11.1,8.7,3.1,1.0,1.6,24.8,7.4,-0.5,0.6,0.1,0.005,-6.7,0.0,-6.7,-1.4
Jason Hart,PG,29,UTA,57.0,606.0,8.0,0.413,0.172,0.25,1.0,10.0,5.5,19.3,2.5,0.4,12.3,16.8,-0.2,0.7,0.4,0.033,-4.1,0.8,-3.3,-0.2
Jason Kapono,SF,26,TOR,81.0,1530.0,10.8,0.561,0.237,0.086,2.4,6.9,4.6,6.7,1.2,0.1,10.1,17.7,1.0,0.9,1.9,0.06,-1.9,-0.7,-2.7,-0.3
Jason Kidd,PG,34,NJN-DAL,80.0,2906.0,16.7,0.499,0.393,0.208,3.8,20.0,12.0,44.0,2.5,0.7,23.5,17.9,2.0,3.8,5.9,0.097,1.6,1.3,3.0,3.6
Jason Maxiell,C,24,DET,82.0,1768.0,16.7,0.576,0.002,0.605,11.9,17.4,14.6,4.2,0.7,4.2,11.2,17.0,3.4,2.9,6.3,0.171,-0.3,0.2,-0.1,0.8
Jason Richardson,SF,27,CHA,82.0,3149.0,18.4,0.554,0.408,0.225,2.9,13.3,8.0,15.2,1.9,1.4,9.3,25.9,4.8,2.6,7.4,0.113,3.3,-0.3,3.0,4.0
Jason Smith,PF,21,PHI,76.0,1107.0,10.7,0.491,0.045,0.265,8.2,16.6,12.3,2.8,1.1,3.6,12.2,16.1,0.2,1.4,1.5,0.067,-3.6,0.1,-3.5,-0.4
Jason Terry,SG,30,DAL,82.0,2579.0,17.8,0.574,0.36,0.221,1.4,7.7,4.7,17.5,1.8,0.5,7.7,21.7,6.1,2.5,8.6,0.16,2.6,0.4,3.1,3.3
Jason Williams,PG,32,MIA,67.0,1886.0,12.7,0.502,0.5,0.145,0.8,7.6,4.1,27.3,2.3,0.2,13.5,17.0,1.0,1.1,2.1,0.052,-0.5,-0.4,-0.9,0.6
Javaris Crittenton,SG,20,LAL-MEM,50.0,679.0,11.0,0.499,0.159,0.446,4.5,13.7,9.1,11.7,1.4,0.2,16.5,21.8,-0.3,0.4,0.1,0.004,-2.7,-1.4,-4.1,-0.4
Jeff Foster,C,31,IND,77.0,1884.0,15.7,0.568,0.008,0.389,14.9,23.8,19.3,10.1,1.5,1.3,12.4,11.5,4.0,2.4,6.5,0.165,0.3,0.2,0.5,1.2
Jeff Green,SF,21,SEA,80.0,2253.0,9.8,0.491,0.101,0.318,4.9,13.4,9.2,8.2,1.0,1.6,15.6,19.4,-1.3,1.5,0.2,0.003,-3.4,-0.6,-4.1,-1.2
Jeff McInnis,PG,33,CHA,54.0,1410.0,6.5,0.461,0.076,0.12,1.3,6.6,3.9,23.4,0.9,0.2,22.5,11.0,-0.2,0.3,0.1,0.002,-4.3,-1.1,-5.4,-1.2
Jelani McCoy,C,30,DEN,6.0,33.0,2.6,0.798,0.0,2.0,3.3,19.3,11.5,0.0,0.0,10.8,68.0,7.6,-0.1,0.1,0.0,-0.036,-9.6,3.5,-6.1,0.0
Jeremy Richardson,SF-SG,23,MEM-SAS-ATL,27.0,132.0,4.2,0.457,0.432,0.045,0.9,7.0,4.0,2.2,1.2,0.0,11.8,17.6,-0.2,0.1,-0.1,-0.041,-5.5,-2.3,-7.8,-0.2
Jermaine O'Neal,C,29,IND,42.0,1206.0,14.4,0.489,0.01,0.318,7.3,18.5,12.8,12.9,0.8,5.4,15.4,24.8,-0.7,1.6,0.9,0.035,-2.7,0.9,-1.8,0.1
Jermareo Davidson,SF,23,CHA,38.0,322.0,9.8,0.437,0.0,0.224,7.5,14.7,11.1,6.9,1.1,3.5,11.0,21.9,-0.4,0.3,-0.1,-0.012,-4.6,-0.6,-5.2,-0.3
Jerome James,C,32,NYK,2.0,5.0,45.3,1.064,0.0,2.0,0.0,70.6,34.2,0.0,0.0,0.0,0.0,16.9,0.1,0.0,0.1,0.613,16.5,4.6,21.2,0.0
Jerry Stackhouse,SG,33,DAL,58.0,1412.0,13.3,0.523,0.35,0.281,2.8,7.9,5.4,16.7,1.1,0.5,12.7,22.4,1.2,1.1,2.3,0.077,0.3,-1.1,-0.8,0.4
Joakim Noah,C,22,CHI,74.0,1534.0,15.5,0.539,0.003,0.529,12.4,18.4,15.3,8.6,2.3,3.3,16.4,15.6,1.5,2.3,3.8,0.12,-1.2,1.0,-0.2,0.7
Joe Johnson,SG,26,ATL,82.0,3343.0,17.3,0.535,0.297,0.253,2.9,9.9,6.4,25.5,1.3,0.4,11.8,25.6,5.3,1.7,7.0,0.1,2.7,-1.5,1.2,2.7
Joe Smith,PF,32,CHI-CLE,77.0,1726.0,16.1,0.524,0.005,0.312,10.3,16.1,13.1,6.7,1.0,2.1,8.7,21.0,2.4,1.8,4.1,0.115,-0.5,-0.6,-1.1,0.4
Joel Anthony,PF,25,MIA,24.0,498.0,8.8,0.521,0.0,0.817,9.0,13.4,11.2,0.9,1.0,5.0,17.2,9.4,0.1,0.4,0.6,0.054,-5.3,-0.3,-5.5,-0.4
Joel Przybilla,C,28,POR,77.0,1819.0,12.3,0.611,0.004,0.488,12.7,29.3,21.0,2.3,0.4,4.0,23.8,10.4,1.6,2.7,4.3,0.113,-2.6,0.9,-1.7,0.1
Joey Graham,SF,25,TOR,38.0,331.0,10.3,0.52,0.027,0.398,6.4,17.7,12.0,7.0,0.5,0.0,14.8,22.2,0.0,0.3,0.3,0.04,-4.3,-2.2,-6.5,-0.4
Johan Petro,C,22,SEA,72.0,1310.0,10.0,0.453,0.002,0.198,8.2,22.6,15.4,3.8,1.3,2.3,13.3,18.2,-1.1,1.5,0.4,0.014,-4.8,-0.3,-5.1,-1.0
John Salmons,SG,28,SAC,81.0,2517.0,13.9,0.556,0.15,0.325,3.6,12.6,8.2,13.4,1.9,1.0,15.7,19.2,2.0,1.7,3.7,0.071,-0.3,-0.3,-0.6,0.9
Jordan Farmar,PG,21,LAL,82.0,1690.0,15.4,0.563,0.487,0.124,2.7,9.1,6.0,20.5,2.3,0.2,14.0,20.2,2.1,1.8,3.9,0.111,1.3,0.0,1.3,1.4
Jorge Garbajosa,PF,30,TOR,7.0,74.0,10.4,0.44,0.64,0.0,3.2,20.9,12.0,5.9,2.2,0.0,3.8,16.6,0.0,0.1,0.1,0.047,-0.3,-0.2,-0.5,0.0
Josh Boone,PF,23,NJN,70.0,1773.0,14.8,0.543,0.0,0.5,12.5,20.8,16.6,5.3,1.1,2.7,11.4,15.4,1.9,1.8,3.7,0.1,-0.9,-0.9,-1.8,0.1
Josh Childress,SF,24,ATL,76.0,2274.0,17.8,0.647,0.105,0.48,9.0,10.2,9.6,8.5,1.6,1.4,12.4,15.8,6.0,1.5,7.6,0.16,2.3,-0.3,2.0,2.3
Josh Howard,SF,27,DAL,76.0,2757.0,18.3,0.534,0.168,0.308,5.2,16.7,11.2,10.6,1.1,0.9,7.5,25.9,4.8,3.2,8.0,0.14,1.8,-0.6,1.2,2.2
Josh McRoberts,PF,20,POR,8.0,28.0,20.3,0.6,0.1,0.0,8.4,33.5,21.0,13.7,2.0,0.0,16.7,20.3,0.0,0.0,0.1,0.131,2.0,1.8,3.7,0.0
Josh Powell,C,25,LAC,64.0,1228.0,10.7,0.5,0.01,0.276,10.7,20.4,15.6,6.4,0.6,1.4,15.5,15.7,0.1,1.0,1.1,0.042,-3.1,-1.7,-4.9,-0.9
Josh Smith,PF,22,ATL,81.0,2873.0,19.0,0.52,0.087,0.414,6.6,20.4,13.5,16.6,2.3,5.9,15.5,25.0,1.2,4.6,5.8,0.097,0.5,2.5,3.0,3.7
José Calderón,PG,26,TOR,82.0,2484.0,20.5,0.607,0.26,0.17,1.6,9.7,5.6,42.3,1.9,0.2,14.2,16.8,8.1,2.2,10.2,0.197,4.1,0.4,4.5,4.1
Juan Carlos Navarro,SG,27,MEM,82.0,2117.0,11.9,0.54,0.564,0.191,1.8,9.4,5.6,13.3,1.1,0.0,13.9,20.2,1.0,0.4,1.4,0.031,-0.3,-2.0,-2.3,-0.2
Juan Dixon,PG,29,TOR-DET,53.0,668.0,11.3,0.488,0.279,0.101,2.7,10.7,6.7,23.3,1.7,0.2,16.7,22.8,-0.3,0.7,0.4,0.026,-1.8,-0.5,-2.3,-0.1
Julian Wright,SF,20,NOH,57.0,640.0,15.4,0.581,0.142,0.308,5.9,15.7,10.7,9.5,2.4,1.5,15.1,16.4,0.7,0.9,1.7,0.126,0.3,1.5,1.8,0.6
Justin Williams,C,23,SAC-HOU,23.0,123.0,13.2,0.42,0.0,0.897,19.5,27.3,23.5,0.0,2.1,3.1,9.0,16.2,0.0,0.2,0.2,0.071,-2.2,-1.2,-3.5,0.0
Juwan Howard,PF,34,DAL,50.0,353.0,4.1,0.406,0.0,0.219,7.1,19.0,13.3,6.9,0.8,0.4,19.5,11.5,-0.3,0.4,0.1,0.016,-6.2,0.0,-6.2,-0.4
Kaniel Dickens,PF,29,CLE,5.0,12.0,6.6,0.333,0.0,0.0,0.0,9.8,4.7,12.7,0.0,6.6,0.0,11.3,0.0,0.0,0.0,0.023,-4.5,1.7,-2.8,0.0
Kareem Rush,SG,27,IND,71.0,1504.0,10.0,0.5,0.46,0.074,1.3,11.0,6.1,9.3,1.4,1.0,9.5,18.7,-0.2,1.2,1.0,0.033,-1.6,-0.7,-2.3,-0.1
Kasib Powell,SF,26,MIA,11.0,304.0,9.0,0.424,0.347,0.095,3.1,14.4,8.7,10.0,1.6,0.5,4.8,16.2,-0.2,0.2,0.0,0.006,-3.1,-0.7,-3.8,-0.1
Keith Bogans,SG,27,ORL,82.0,2198.0,10.9,0.559,0.696,0.187,2.3,11.3,7.0,7.1,1.4,0.3,7.7,14.4,2.6,2.3,4.9,0.106,0.1,0.5,0.6,1.4
Keith Langford,SG,24,SAS,2.0,10.0,-2.4,0.25,0.0,0.0,0.0,23.3,11.8,0.0,0.0,0.0,0.0,19.2,0.0,0.0,0.0,-0.142,-12.9,-2.2,-15.1,0.0
Kelenna Azubuike,SG,24,GSW,81.0,1732.0,13.5,0.534,0.332,0.235,6.4,14.0,10.0,6.1,1.3,1.4,8.2,17.2,2.3,1.1,3.4,0.094,0.0,-0.9,-0.8,0.5
Kendrick Perkins,C,23,BOS,78.0,1912.0,13.3,0.632,0.003,0.526,9.6,19.3,14.8,6.8,0.9,4.9,22.6,13.5,1.9,4.3,6.2,0.156,-1.9,2.4,0.5,1.2
Kenny Thomas,PF,30,SAC,23.0,281.0,2.6,0.398,0.0,0.132,7.7,17.7,12.8,6.5,1.1,0.3,34.3,9.7,-0.5,0.2,-0.3,-0.047,-5.9,-0.1,-6.0,-0.3
Kenyon Martin,PF,30,DEN,71.0,2159.0,14.7,0.553,0.016,0.303,5.4,17.5,11.6,6.3,2.0,2.8,10.3,17.4,2.0,3.0,5.0,0.111,-1.6,0.8,-0.8,0.6
Kevin Durant,SG,19,SEA,80.0,2768.0,15.8,0.519,0.15,0.328,2.8,10.9,6.9,12.0,1.4,1.9,12.9,28.1,0.4,1.9,2.3,0.04,0.5,-0.7,-0.1,1.3
Kevin Garnett,PF,31,BOS,71.0,2328.0,25.3,0.588,0.011,0.339,7.3,25.1,16.8,19.9,2.3,3.1,10.8,25.5,6.6,6.2,12.9,0.265,4.7,3.5,8.2,6.0
Kevin Martin,SG,24,SAC,61.0,2216.0,21.0,0.618,0.291,0.632,2.6,11.8,7.3,10.1,1.4,0.2,10.1,26.2,7.4,1.1,8.4,0.183,3.8,-1.4,2.4,2.4
Kevin Ollie,SG,35,PHI,40.0,300.0,9.7,0.463,0.014,0.217,1.6,6.0,3.8,18.7,1.8,0.0,6.2,12.1,0.3,0.2,0.5,0.084,-3.3,0.6,-2.7,-0.1
Keyon Dooling,PG,27,ORL,72.0,1334.0,14.1,0.572,0.154,0.456,0.6,7.8,4.4,16.0,1.4,0.3,10.7,19.6,2.4,1.2,3.7,0.132,-0.9,0.3,-0.6,0.5
Kirk Hinrich,PG,27,CHI,75.0,2380.0,13.1,0.501,0.301,0.178,1.3,10.6,5.8,30.9,1.9,0.6,15.4,18.9,1.5,2.1,3.6,0.072,-0.9,0.2,-0.8,0.7
Kirk Snyder,SF-PF,24,HOU-MIN,36.0,761.0,13.3,0.573,0.122,0.466,4.4,15.0,9.6,12.9,1.4,1.6,18.6,16.6,0.6,0.5,1.1,0.068,-1.1,-0.7,-1.8,0.0
Kobe Bryant,SG,29,LAL,82.0,3192.0,24.2,0.576,0.246,0.439,3.4,14.1,9.0,23.9,2.4,0.9,11.3,31.4,9.5,4.3,13.8,0.208,5.2,0.6,5.8,6.3
Kosta Perović,C,22,GSW,7.0,38.0,10.3,0.396,0.0,0.6,16.2,20.5,18.3,3.4,0.0,3.8,7.3,15.1,0.0,0.0,0.0,0.06,-3.1,-2.8,-5.9,0.0
Kris Humphries,PF,22,TOR,70.0,925.0,15.7,0.512,0.006,0.372,11.4,21.8,16.6,4.9,1.4,2.5,10.8,22.1,0.6,1.3,1.8,0.096,-1.6,-0.7,-2.3,-0.1
Kurt Thomas,C-PF,35,SEA-SAS,70.0,1584.0,14.2,0.514,0.003,0.202,9.2,26.4,17.8,6.5,1.8,2.6,9.6,13.5,1.3,2.7,4.1,0.123,-1.7,1.9,0.1,0.9
Kwame Brown,C,25,LAL-MEM,38.0,713.0,10.1,0.497,0.0,0.69,8.1,20.8,14.7,9.0,1.6,2.3,21.6,14.6,-0.3,1.0,0.6,0.043,-3.3,1.0,-2.3,0.0
Kyle Korver,SG-PF,26,PHI-UTA,75.0,1732.0,12.8,0.585,0.515,0.226,1.5,10.5,6.0,8.8,1.3,1.4,10.6,18.3,2.7,1.5,4.2,0.116,0.4,-0.1,0.3,1.0
Kyle Lowry,PG,21,MEM,82.0,2089.0,14.3,0.531,0.236,0.588,2.2,11.3,6.7,21.8,2.2,0.8,14.6,18.6,2.1,1.3,3.4,0.078,-1.2,0.3,-0.9,0.6
Kyrylo Fesenko,C,21,UTA,9.0,70.0,4.0,0.394,0.0,0.25,24.6,19.0,21.8,3.8,0.0,3.5,31.1,16.5,-0.1,0.1,0.0,-0.031,-8.9,-2.9,-11.9,-0.2
LaMarcus Aldridge,PF,22,POR,76.0,2649.0,18.5,0.523,0.006,0.257,9.8,15.8,12.8,8.8,1.1,2.8,8.9,25.3,3.5,2.8,6.2,0.113,0.6,-0.4,0.2,1.5
Lamar Odom,PF,28,LAL,77.0,2921.0,16.9,0.582,0.142,0.413,7.8,22.7,15.6,13.8,1.3,1.8,14.2,16.5,5.3,4.3,9.7,0.159,1.3,1.0,2.3,3.2
Lance Allred,C,26,CLE,3.0,10.0,-1.0,0.307,0.0,0.5,0.0,11.8,5.7,0.0,0.0,0.0,0.0,22.1,0.0,0.0,0.0,-0.125,-8.1,-3.0,-11.1,0.0
Larry Hughes,PG-SG,29,CLE-CHI,68.0,2020.0,11.9,0.468,0.242,0.235,2.1,11.1,6.5,15.1,2.6,0.7,11.6,22.2,-0.5,2.3,1.8,0.042,-2.3,0.0,-2.3,-0.1
LeBron James,SF,23,CLE,75.0,3027.0,29.1,0.568,0.219,0.47,4.9,17.8,11.1,37.3,2.4,2.1,11.4,33.5,10.7,4.6,15.2,0.242,8.2,2.6,10.9,9.8
Leandro Barbosa,SG,25,PHO,82.0,2421.0,15.8,0.575,0.413,0.209,2.0,8.2,5.4,13.5,1.5,0.5,9.5,22.8,3.9,1.6,5.5,0.109,1.1,-0.9,0.2,1.4
Leon Powe,C,24,BOS,56.0,809.0,20.9,0.629,0.004,0.717,14.9,18.3,16.7,3.3,1.0,1.6,10.8,22.8,2.7,1.6,4.3,0.256,1.0,-0.7,0.2,0.5
Linas Kleiza,SF,23,DEN,79.0,1889.0,14.4,0.585,0.42,0.323,5.4,13.5,9.5,7.5,1.1,0.7,10.6,18.9,3.1,1.6,4.7,0.119,0.2,-1.1,-0.9,0.5
Lindsey Hunter,PG,37,DET,24.0,215.0,8.8,0.427,0.406,0.141,2.2,5.0,3.6,23.3,3.3,0.7,16.1,17.7,-0.1,0.3,0.2,0.048,-4.2,2.1,-2.1,0.0
Linton Johnson,PF,27,PHO-TOR,8.0,63.0,8.2,0.528,0.158,0.105,9.8,15.2,12.6,9.2,0.0,1.0,20.1,18.0,0.0,0.0,0.0,0.024,-4.4,-2.0,-6.4,-0.1
Loren Woods,C,29,HOU,7.0,17.0,13.4,0.6,0.0,0.0,0.0,6.5,3.3,20.1,0.0,0.0,0.0,13.4,0.0,0.0,0.1,0.179,-0.3,1.3,1.1,0.0
Lorenzen Wright,C,32,ATL-SAC,18.0,161.0,2.5,0.317,0.0,0.286,5.8,21.6,13.8,3.5,1.0,1.4,14.5,7.8,-0.2,0.2,0.0,0.001,-6.9,0.3,-6.6,-0.2
Lou Amundson,PF,25,PHI,16.0,64.0,7.4,0.472,0.0,0.438,12.9,9.4,11.1,0.0,0.8,1.2,9.5,14.9,0.0,0.0,0.1,0.043,-6.3,-2.1,-8.5,-0.1
Lou Williams,PG,21,PHI,80.0,1862.0,16.7,0.523,0.203,0.386,2.6,8.1,5.3,22.6,2.3,0.6,12.4,24.3,2.5,1.8,4.4,0.112,1.3,0.1,1.4,1.6
Luis Scola,PF,27,HOU,82.0,2024.0,16.1,0.548,0.004,0.351,9.9,19.3,14.6,8.9,1.6,0.7,12.0,19.8,2.8,3.7,6.5,0.154,-1.0,1.0,0.0,1.0
Luke Jackson,SF,26,MIA,14.0,228.0,9.1,0.438,0.375,0.288,3.6,13.9,8.7,12.6,1.9,0.0,9.1,20.6,-0.2,0.2,0.0,-0.004,-3.0,-1.0,-3.9,-0.1
Luke Ridnour,PG,26,SEA,61.0,1223.0,11.3,0.482,0.193,0.247,1.2,7.2,4.2,29.5,1.5,0.8,16.4,17.3,0.3,0.6,0.9,0.035,-2.4,-0.7,-3.1,-0.4
Luke Walton,SF,27,LAL,74.0,1729.0,12.3,0.509,0.176,0.228,5.7,12.7,9.3,18.1,1.7,0.8,16.0,16.0,1.2,2.0,3.2,0.088,-0.8,0.5,-0.3,0.7
Luol Deng,SF,22,CHI,63.0,2128.0,17.0,0.528,0.025,0.296,7.0,14.2,10.4,13.2,1.4,1.1,10.6,23.6,2.4,1.9,4.4,0.098,1.1,-1.0,0.1,1.1
Luther Head,SG,25,HOU,73.0,1379.0,13.6,0.543,0.472,0.17,1.5,9.4,5.5,16.4,1.7,0.5,12.0,19.3,1.5,2.0,3.5,0.121,-0.1,0.9,0.8,1.0
Maceo Baston,PF,32,TOR,15.0,103.0,17.6,0.697,0.0,0.4,10.3,19.7,14.9,4.6,1.0,3.2,12.0,15.3,0.3,0.1,0.4,0.201,-1.4,0.5,-0.9,0.0
Malik Allen,PF,29,NJN-DAL,73.0,1096.0,9.8,0.5,0.006,0.076,7.0,13.6,10.4,6.8,0.9,2.2,11.7,16.1,0.1,0.9,1.0,0.045,-3.4,0.0,-3.5,-0.4
Malik Rose,PF,33,NYK,49.0,494.0,7.3,0.422,0.039,0.283,6.9,17.1,11.9,9.3,1.7,1.1,16.5,22.0,-0.9,0.4,-0.5,-0.052,-6.3,-1.2,-7.5,-0.7
Manu Ginóbili,SG,30,SAS,74.0,2299.0,24.3,0.612,0.395,0.449,3.3,14.7,9.1,26.4,2.6,1.1,14.5,28.7,6.6,4.5,11.1,0.232,5.6,2.7,8.3,6.0
Marcin Gortat,C,23,ORL,6.0,41.0,19.8,0.491,0.0,0.176,23.5,21.6,22.5,8.4,1.3,1.8,9.8,22.7,0.1,0.1,0.1,0.158,-1.3,-2.2,-3.4,0.0
Marco Belinelli,SG,21,GSW,33.0,241.0,8.2,0.49,0.441,0.097,1.3,5.1,3.1,8.8,1.0,0.0,11.0,19.1,0.0,0.0,0.0,-0.002,-2.2,-2.4,-4.6,-0.2
Marcus Banks,PG,26,PHO-MIA,36.0,569.0,12.6,0.579,0.534,0.183,0.9,8.3,4.6,17.7,1.3,1.6,15.2,19.7,0.5,0.3,0.8,0.068,-0.8,-0.7,-1.5,0.1
Marcus Camby,C,33,DEN,79.0,2758.0,17.2,0.498,0.031,0.318,9.2,31.1,20.3,12.9,1.5,7.3,14.0,13.0,2.6,5.9,8.5,0.148,0.1,3.3,3.4,3.8
Marcus Vinicius,SF,23,NOH,13.0,69.0,11.6,0.564,0.6,0.55,1.7,12.1,6.8,4.3,0.8,1.1,10.8,18.8,0.0,0.1,0.1,0.073,-1.2,-1.2,-2.5,0.0
Marcus Williams,PG,22,NJN-SAS-LAC,53.0,854.0,11.0,0.499,0.485,0.16,1.9,11.8,6.9,27.8,1.5,0.3,19.3,20.8,-0.4,0.5,0.2,0.009,-0.8,-1.6,-2.4,-0.1
Mardy Collins,SG,23,NYK,46.0,634.0,5.9,0.378,0.183,0.217,3.3,10.4,6.7,21.4,2.0,1.0,22.6,17.5,-1.4,0.3,-1.0,-0.079,-5.5,-0.9,-6.4,-0.7
Mario West,SG,23,ATL,64.0,269.0,8.6,0.488,0.082,0.531,11.3,9.5,10.4,7.2,2.4,1.1,13.0,11.7,0.2,0.2,0.5,0.082,-4.4,0.6,-3.8,-0.1
Mark Blount,C,32,MIA,69.0,1542.0,11.4,0.505,0.085,0.268,5.3,15.3,10.2,4.8,1.1,1.8,10.8,19.8,-0.3,1.0,0.7,0.021,-2.9,-1.2,-4.0,-0.8
Mark Madsen,PF,32,MIN,20.0,151.0,0.2,0.185,0.0,0.632,13.4,15.8,14.6,3.5,1.0,1.1,27.0,9.9,-0.4,0.1,-0.3,-0.102,-8.2,-2.4,-10.6,-0.3
Marko Jarić,SG,29,MIN,75.0,2189.0,12.1,0.518,0.241,0.309,2.0,10.1,5.9,21.0,2.3,1.2,17.6,15.0,1.1,1.3,2.4,0.053,-1.5,0.6,-0.9,0.6
Marquis Daniels,SG,27,IND,74.0,1546.0,11.6,0.487,0.182,0.248,4.6,10.5,7.5,14.1,2.5,0.9,15.3,20.6,-0.7,1.6,0.9,0.028,-2.7,0.3,-2.4,-0.1
Martell Webster,SF,21,POR,75.0,2132.0,12.0,0.548,0.483,0.253,3.0,13.3,8.2,7.0,1.1,1.0,10.2,18.0,1.8,1.7,3.5,0.079,0.1,-0.2,-0.2,1.0
Marvin Williams,SF,21,ATL,80.0,2765.0,14.5,0.54,0.011,0.446,5.0,14.2,9.6,8.3,1.5,0.9,10.4,20.1,3.6,2.1,5.7,0.099,-0.9,-0.5,-1.4,0.4
Matt Barnes,PF,27,GSW,73.0,1414.0,12.9,0.51,0.41,0.179,6.8,18.1,12.3,13.5,1.6,1.9,15.1,16.7,1.0,1.3,2.3,0.077,-0.5,0.3,-0.2,0.6
Matt Bonner,PF,27,SAS,68.0,853.0,12.4,0.525,0.471,0.151,7.4,19.0,13.3,6.2,0.9,1.5,11.2,19.6,0.5,1.5,2.0,0.11,-1.8,0.3,-1.5,0.1
Matt Carroll,SG,27,CHA,80.0,2016.0,10.7,0.554,0.409,0.234,1.9,11.1,6.4,5.8,1.2,0.7,8.2,16.1,1.9,1.0,3.0,0.071,-1.2,-0.8,-2.0,0.0
Matt Harpring,SF,31,UTA,76.0,1374.0,14.1,0.551,0.021,0.432,8.6,12.7,10.7,9.0,1.7,0.8,14.4,21.5,1.4,1.4,2.8,0.096,-1.0,-0.9,-1.9,0.0
Maurice Ager,SG,23,DAL-NJN,26.0,165.0,1.8,0.363,0.292,0.185,2.8,6.3,4.6,8.0,0.0,0.4,7.9,21.3,-0.4,0.0,-0.4,-0.114,-6.8,-4.2,-11.1,-0.4
Maurice Evans,SG,29,LAL-ORL,75.0,1720.0,13.9,0.571,0.383,0.152,6.4,8.1,7.3,7.5,1.4,0.4,6.4,16.5,3.2,1.6,4.9,0.135,1.2,-0.2,1.0,1.3
Mehmet Okur,C,28,UTA,72.0,2390.0,15.2,0.556,0.35,0.273,6.8,21.5,14.2,9.0,1.2,1.0,9.9,19.6,4.0,2.7,6.7,0.134,1.3,-0.5,0.8,1.7
Melvin Ely,C,29,NOH,52.0,621.0,9.0,0.491,0.0,0.322,5.1,22.6,13.6,5.4,0.6,2.3,17.0,18.5,-0.5,0.8,0.3,0.022,-5.1,-0.2,-5.2,-0.5
Metta World Peace,SF,28,SAC,57.0,2172.0,18.8,0.535,0.23,0.307,5.6,12.1,8.9,16.2,3.1,1.4,11.9,25.5,2.4,2.2,4.7,0.103,2.1,0.7,2.8,2.6
Michael Doleac,C,30,MIN,24.0,257.0,7.5,0.446,0.0,0.032,7.0,15.4,11.1,4.1,2.0,3.1,15.8,13.3,-0.2,0.2,0.0,0.005,-5.4,1.1,-4.4,-0.2
Michael Finley,SG,34,SAS,82.0,2204.0,11.4,0.519,0.469,0.105,1.5,12.0,6.8,8.6,0.7,0.3,6.6,18.5,1.3,2.9,4.2,0.091,-0.5,-0.1,-0.6,0.8
Michael Redd,SG,28,MIL,72.0,2702.0,18.8,0.559,0.289,0.394,3.5,10.2,6.7,16.4,1.3,0.4,11.0,27.3,5.6,0.2,5.8,0.104,3.5,-2.1,1.5,2.4
Michael Ruffin,C,31,MIL,46.0,632.0,12.1,0.507,0.0,1.016,16.1,18.6,17.3,5.3,2.6,2.4,17.5,7.7,0.7,0.6,1.2,0.095,-2.0,0.3,-1.8,0.0
Mickaël Gelabale,SG,24,SEA,39.0,465.0,10.5,0.509,0.236,0.115,3.8,9.8,6.8,11.1,1.1,1.4,14.1,17.9,0.0,0.2,0.2,0.021,-2.0,-1.0,-3.1,-0.1
Mickaël Piétrus,SF,25,GSW,66.0,1316.0,12.7,0.549,0.473,0.253,5.2,14.8,9.8,5.1,2.4,2.4,10.0,15.3,1.4,1.4,2.8,0.104,-1.1,0.9,-0.2,0.6
Mike Bibby,PG,29,SAC-ATL,48.0,1573.0,14.5,0.515,0.411,0.166,1.2,10.6,6.0,30.9,1.8,0.2,15.5,22.0,1.1,0.9,2.1,0.063,0.4,-1.6,-1.3,0.3
Mike Conley,PG,20,MEM,53.0,1381.0,12.6,0.502,0.206,0.278,1.7,9.7,5.6,25.3,1.6,0.1,15.2,18.8,0.6,0.5,1.1,0.038,-1.6,-1.3,-3.0,-0.3
Mike Dunleavy,SG,27,IND,82.0,2953.0,17.3,0.605,0.348,0.361,2.1,13.7,7.8,16.1,1.4,0.8,12.8,21.8,5.9,2.6,8.5,0.138,1.9,-0.2,1.7,2.8
Mike Harris,PF,24,HOU,17.0,159.0,17.1,0.519,0.037,0.241,17.3,21.0,19.2,3.2,2.0,1.4,13.1,19.7,0.1,0.3,0.5,0.143,-0.1,0.5,0.3,0.1
Mike James,PG,32,HOU-NOH,54.0,720.0,8.6,0.437,0.334,0.166,2.2,8.7,5.5,13.4,1.6,0.2,10.4,22.1,-0.5,0.9,0.3,0.023,-3.4,-0.4,-3.8,-0.3
Mike Miller,SG,27,MEM,70.0,2474.0,16.1,0.625,0.436,0.257,2.3,19.0,10.6,16.0,0.7,0.5,16.6,19.8,3.9,1.1,5.0,0.098,2.2,-1.1,1.1,2.0
Mike Wilks,PG,28,DEN-WAS-SEA,15.0,188.0,8.6,0.543,0.222,0.111,3.0,8.3,5.6,11.3,2.4,0.0,19.2,10.7,0.0,0.2,0.2,0.052,-3.2,0.9,-2.3,0.0
Mikki Moore,PF,32,SAC,82.0,2385.0,11.5,0.613,0.004,0.372,8.1,16.2,12.2,5.4,0.7,1.5,16.2,12.7,3.2,1.4,4.6,0.092,-1.8,-0.6,-2.4,-0.3
Mo Williams,PG,25,MIL,66.0,2410.0,17.0,0.566,0.251,0.211,1.7,9.8,5.6,30.0,1.7,0.3,15.3,22.1,4.1,0.5,4.5,0.091,1.7,-1.4,0.3,1.4
Monta Ellis,SG,22,GSW,81.0,3071.0,19.0,0.58,0.042,0.34,4.5,9.8,7.0,15.8,2.0,0.6,10.9,21.7,7.1,1.8,9.0,0.14,1.8,-0.3,1.6,2.8
Morris Almond,SG,22,UTA,9.0,39.0,2.0,0.368,0.267,0.4,0.0,6.2,3.1,10.5,1.3,0.0,10.2,22.5,-0.1,0.0,-0.1,-0.081,-9.1,-2.9,-12.0,-0.1
Morris Peterson,SG,30,NOH,76.0,1796.0,11.2,0.549,0.556,0.165,2.3,11.3,6.7,5.5,1.4,0.3,6.9,15.4,2.1,1.7,3.8,0.101,-0.5,0.1,-0.3,0.8
Mouhamed Sene,C,21,SEA,13.0,62.0,18.2,0.476,0.0,0.708,12.3,15.8,14.1,2.6,0.0,8.1,0.0,22.0,0.1,0.1,0.2,0.121,-1.6,-1.6,-3.2,0.0
Nate Robinson,PG,23,NYK,72.0,1883.0,15.3,0.526,0.373,0.251,3.0,10.7,6.7,19.7,1.7,0.0,10.6,23.1,2.5,0.7,3.2,0.082,0.8,-0.8,0.0,1.0
Nazr Mohammed,C,30,DET-CHA,82.0,1650.0,15.8,0.533,0.002,0.309,13.5,21.1,17.3,7.6,1.4,2.8,14.4,19.5,1.3,2.0,3.4,0.098,-1.8,-0.5,-2.3,-0.1
Nenad Krstić,C,24,NJN,45.0,812.0,8.5,0.451,0.007,0.23,5.0,23.6,14.3,5.8,0.6,1.6,11.0,20.9,-0.9,0.7,-0.1,-0.007,-5.4,-1.3,-6.7,-1.0
Nenê,PF,25,DEN,16.0,266.0,11.1,0.459,0.014,0.69,12.4,22.8,17.7,7.8,1.6,3.7,18.5,18.1,-0.1,0.4,0.3,0.052,-4.6,0.4,-4.2,-0.1
Nick Collison,PF,27,SEA,78.0,2223.0,15.0,0.537,0.003,0.261,12.5,23.3,17.9,7.9,1.1,1.9,14.2,16.2,2.2,2.3,4.5,0.098,-1.2,-0.2,-1.4,0.3
Nick Fazekas,PF,22,DAL-LAC,26.0,269.0,19.6,0.584,0.024,0.268,14.5,23.7,19.1,7.5,1.6,3.1,12.4,18.0,0.5,0.4,0.8,0.148,0.9,-0.4,0.5,0.2
Nick Young,SG,22,WAS,75.0,1158.0,11.6,0.527,0.209,0.259,2.3,9.6,5.8,9.6,1.6,0.5,15.0,24.9,-0.1,0.6,0.4,0.017,-2.6,-2.1,-4.7,-0.8
Oleksiy Pecherov,C,22,WAS,35.0,320.0,9.6,0.451,0.48,0.248,7.5,16.9,12.1,3.6,1.0,1.3,10.9,22.4,-0.2,0.2,0.0,-0.002,-2.7,-3.4,-6.1,-0.3
Orien Greene,SG,25,SAC,7.0,61.0,-3.3,0.273,0.091,0.0,0.0,11.4,5.8,6.8,2.5,1.3,38.9,13.2,-0.3,0.1,-0.2,-0.18,-10.9,-0.1,-10.9,-0.1
Othella Harrington,C,34,CHA,22.0,166.0,5.8,0.469,0.0,0.381,7.6,21.6,14.5,3.8,0.3,1.8,18.3,16.6,-0.2,0.1,0.0,-0.01,-7.6,-1.6,-9.2,-0.3
P.J. Brown,PF,38,BOS,18.0,209.0,10.2,0.406,0.024,0.39,17.6,21.0,19.4,6.9,1.3,3.1,17.2,12.9,0.0,0.5,0.5,0.116,-3.5,0.9,-2.7,0.0
Pat Garrity,PF,31,ORL,31.0,284.0,3.2,0.401,0.463,0.063,3.8,13.6,8.9,6.8,1.1,0.3,17.1,16.0,-0.5,0.3,-0.2,-0.038,-6.5,-0.2,-6.6,-0.3
Patrick O'Bryant,C,21,GSW,24.0,99.0,14.0,0.561,0.0,0.172,10.4,21.4,15.7,5.8,2.0,6.6,18.3,16.3,0.1,0.2,0.2,0.105,-5.3,1.4,-3.9,0.0
Pau Gasol,C,27,MEM-LAL,66.0,2351.0,21.6,0.594,0.018,0.407,7.4,18.7,13.1,15.2,0.6,3.0,10.6,22.1,6.4,2.1,8.4,0.172,3.3,0.1,3.4,3.2
Paul Davis,PF,23,LAC,22.0,194.0,9.0,0.389,0.0,0.154,14.8,13.2,14.0,8.8,1.6,2.3,11.5,18.6,-0.2,0.2,0.0,-0.007,-5.0,-0.5,-5.5,-0.2
Paul Millsap,PF,22,UTA,82.0,1702.0,16.1,0.548,0.008,0.456,12.1,20.8,16.5,7.0,2.2,3.5,12.6,18.1,2.5,2.7,5.2,0.148,-0.9,0.8,-0.2,0.8
Paul Pierce,SF,30,BOS,80.0,2874.0,19.6,0.599,0.332,0.442,2.3,14.0,8.5,21.8,1.9,1.0,14.4,24.8,6.7,5.7,12.4,0.207,3.3,1.4,4.8,5.0
Peja Stojaković,SF,30,NOH,77.0,2711.0,15.7,0.581,0.511,0.136,2.7,11.8,7.1,5.6,1.1,0.3,5.3,19.7,5.8,2.4,8.1,0.144,2.5,-0.9,1.7,2.5
Primož Brezec,C,28,CHA-DET-TOR,50.0,475.0,5.4,0.502,0.0,0.426,7.3,12.6,10.0,3.5,0.3,1.2,17.7,13.3,-0.1,0.3,0.2,0.017,-6.1,-1.2,-7.3,-0.6
Quentin Richardson,SF,27,NYK,65.0,1841.0,8.5,0.444,0.386,0.159,3.4,16.5,9.7,9.9,1.3,0.6,10.4,16.1,-0.6,0.9,0.3,0.008,-2.3,-0.5,-2.8,-0.4
Quincy Douby,PG,23,SAC,74.0,876.0,9.7,0.495,0.364,0.155,2.3,8.7,5.6,9.8,1.7,1.1,14.2,21.3,-0.5,0.5,0.0,0.0,-2.2,-1.2,-3.4,-0.3
Quinton Ross,SG,26,LAC,76.0,1505.0,7.6,0.43,0.063,0.179,4.1,9.1,6.6,9.4,1.5,1.6,7.4,12.0,-0.3,1.0,0.7,0.022,-3.6,0.5,-3.2,-0.4
Raef LaFrentz,C,31,POR,39.0,291.0,10.4,0.469,0.066,0.311,11.4,15.7,13.6,3.2,2.3,4.5,12.6,12.9,0.1,0.4,0.5,0.085,-4.8,2.1,-2.7,-0.1
Rafer Alston,PG,31,HOU,74.0,2526.0,13.2,0.492,0.44,0.148,1.3,10.2,5.8,25.2,2.1,0.5,14.0,20.7,1.0,4.0,5.0,0.095,-0.5,1.0,0.5,1.6
Raja Bell,SG,31,PHO,75.0,2646.0,10.5,0.561,0.583,0.121,2.2,9.0,5.9,8.6,1.0,0.7,7.6,14.5,3.0,1.5,4.5,0.082,-0.3,-0.5,-0.8,0.8
Rajon Rondo,PG,21,BOS,77.0,2306.0,15.6,0.515,0.027,0.245,4.3,11.9,8.3,28.2,3.0,0.5,15.7,18.9,2.3,4.9,7.2,0.15,-0.4,2.6,2.1,2.4
Ramon Sessions,PG,21,MIL,17.0,450.0,16.2,0.507,0.06,0.35,2.0,13.6,7.6,43.5,2.0,0.5,21.0,17.1,0.5,0.2,0.7,0.077,0.2,-1.2,-1.0,0.1
Randolph Morris,C,22,NYK,18.0,181.0,4.3,0.396,0.0,0.5,7.3,16.2,11.6,1.8,1.2,0.9,11.3,19.8,-0.3,0.1,-0.2,-0.061,-8.7,-2.9,-11.6,-0.4
Randy Foye,PG,24,MIN,39.0,1259.0,12.7,0.52,0.32,0.141,1.2,10.9,5.9,20.9,1.5,0.2,13.9,20.4,0.7,0.4,1.1,0.042,-0.6,-1.6,-2.2,-0.1
Rashad McCants,SG,23,MIN,75.0,2020.0,14.6,0.55,0.37,0.164,2.8,9.2,5.9,14.1,1.7,0.7,14.5,26.4,0.9,0.8,1.7,0.04,0.7,-1.5,-0.8,0.6
Rashard Lewis,PF,28,ORL,81.0,3076.0,16.7,0.591,0.487,0.229,3.8,12.2,8.2,10.5,1.7,0.9,10.1,20.7,6.1,3.7,9.8,0.153,2.7,0.4,3.1,4.0
Rasheed Wallace,C,33,DET,77.0,2346.0,17.2,0.523,0.362,0.172,4.3,21.8,13.0,9.7,2.1,4.3,8.4,20.5,2.5,5.1,7.6,0.155,1.5,2.6,4.1,3.6
Rasho Nesterović,C,31,TOR,71.0,1486.0,16.1,0.565,0.006,0.105,10.3,17.0,13.6,8.9,0.7,2.8,10.9,17.4,2.3,1.6,3.9,0.125,0.0,-0.1,0.0,0.7
Rasual Butler,SF,28,NOH,51.0,875.0,8.8,0.46,0.512,0.119,2.1,11.5,6.7,5.9,0.9,1.9,3.5,15.1,0.3,0.8,1.2,0.063,-1.8,-0.1,-1.9,0.0
Ray Allen,SG,32,BOS,73.0,2624.0,16.4,0.584,0.458,0.24,3.6,8.3,6.1,14.6,1.3,0.5,10.4,21.6,5.6,4.1,9.7,0.177,2.9,0.2,3.0,3.3
Raymond Felton,PG,23,CHA,79.0,2972.0,13.8,0.5,0.201,0.326,1.4,7.7,4.6,32.4,1.7,0.3,15.7,20.8,2.0,1.4,3.4,0.054,-0.6,-1.5,-2.1,-0.1
Reggie Evans,PF,27,PHI,81.0,1879.0,11.0,0.463,0.003,0.743,14.0,24.7,19.3,5.0,2.4,0.3,19.0,13.6,-0.3,3.0,2.7,0.068,-3.0,0.0,-3.0,-0.5
Renaldo Balkman,SF,23,NYK,65.0,952.0,11.5,0.492,0.065,0.511,9.6,16.4,12.9,6.5,2.4,2.4,14.0,12.5,0.4,0.9,1.3,0.065,-2.9,1.0,-1.8,0.0
Richard Hamilton,SG,29,DET,72.0,2424.0,18.2,0.552,0.137,0.215,3.7,7.9,5.8,22.3,1.7,0.3,10.5,24.5,4.8,2.9,7.7,0.152,2.3,0.1,2.3,2.6
Richard Jefferson,SF,27,NJN,82.0,3200.0,17.4,0.571,0.16,0.511,3.4,9.0,6.2,15.0,1.2,0.5,10.9,26.1,6.1,1.5,7.6,0.114,1.6,-1.3,0.3,1.8
Richie Frahm,SG,30,LAC,10.0,163.0,5.5,0.428,0.463,0.037,2.8,7.1,5.0,8.3,0.6,0.0,9.9,17.2,-0.2,0.0,-0.2,-0.054,-3.6,-1.5,-5.1,-0.1
Ricky Davis,SF,28,MIA,82.0,2963.0,12.0,0.534,0.343,0.203,2.2,12.2,7.1,16.4,1.6,0.4,15.3,20.0,0.3,1.6,1.9,0.03,-1.0,-1.0,-2.0,0.0
Robert Horry,PF,37,SAS,45.0,583.0,9.6,0.426,0.588,0.235,7.2,14.8,11.0,11.9,1.9,2.5,14.3,12.6,-0.1,1.1,1.1,0.088,-2.2,2.7,0.4,0.4
Robert Swift,C,22,SEA,8.0,98.0,2.9,0.391,0.0,0.118,6.7,13.3,10.0,1.4,2.5,4.4,35.9,12.3,-0.3,0.1,-0.2,-0.074,-8.1,1.6,-6.5,-0.1
Rodney Carney,SF,23,PHI,70.0,1039.0,12.1,0.478,0.306,0.207,5.7,11.4,8.5,5.0,2.0,1.8,7.4,20.0,0.4,1.2,1.6,0.075,-1.4,-0.3,-1.7,0.1
Rodney Stuckey,PG,21,DET,57.0,1081.0,13.8,0.484,0.042,0.408,3.5,10.8,7.1,23.9,2.5,0.4,14.8,23.1,0.4,1.6,2.0,0.09,-2.1,1.1,-1.1,0.3
Roger Mason,PG,27,WAS,80.0,1708.0,13.8,0.573,0.545,0.118,1.1,8.0,4.5,13.2,1.3,0.9,9.9,18.9,2.8,0.6,3.4,0.096,1.2,-1.2,0.0,0.9
Ronald Dupree,SF,27,DET-SEA,5.0,21.0,15.0,0.515,0.0,0.667,5.2,36.2,20.8,6.5,2.4,0.0,0.0,8.0,0.0,0.0,0.1,0.159,0.9,3.4,4.3,0.0
Ronald Murray,PG,28,DET-IND,42.0,874.0,13.2,0.483,0.172,0.267,3.0,7.9,5.4,27.5,2.2,0.3,17.0,25.3,-0.5,0.9,0.4,0.024,-1.5,-1.2,-2.7,-0.1
Ronnie Brewer,SG,22,UTA,76.0,2088.0,18.4,0.612,0.079,0.405,5.7,7.0,6.4,9.7,3.2,0.7,8.5,17.5,5.4,2.4,7.8,0.178,2.2,1.6,3.8,3.1
Ronnie Price,PG,24,UTA,61.0,588.0,12.3,0.516,0.368,0.186,1.7,7.8,4.8,19.4,2.8,0.4,12.0,19.1,0.5,0.6,1.1,0.094,-1.8,1.1,-0.7,0.2
Ronny Turiaf,C,25,LAL,78.0,1458.0,15.0,0.539,0.003,0.469,7.5,15.4,11.6,12.7,1.0,5.3,13.1,16.7,2.0,2.1,4.2,0.137,-1.2,1.9,0.7,1.0
Royal Ivey,PG,26,MIL,75.0,1437.0,8.8,0.487,0.283,0.31,3.0,6.8,4.8,16.9,1.6,0.4,14.9,15.8,0.4,0.2,0.5,0.018,-3.3,-1.1,-4.4,-0.9
Ruben Patterson,SF,32,LAC,20.0,327.0,10.9,0.486,0.023,0.5,8.4,14.2,11.3,8.8,3.3,1.6,20.5,18.6,-0.4,0.4,0.1,0.01,-4.1,1.6,-2.5,0.0
Rudy Gay,SF,21,MEM,81.0,3000.0,17.4,0.546,0.286,0.233,5.2,13.5,9.3,9.3,1.9,1.9,11.3,25.0,2.9,2.1,5.0,0.08,1.5,-0.6,0.8,2.1
Ryan Bowen,SF,32,NOH,53.0,660.0,9.9,0.505,0.01,0.29,9.5,8.2,8.9,5.2,2.6,1.3,11.7,9.0,0.6,0.8,1.5,0.107,-2.5,1.8,-0.8,0.2
Ryan Gomes,PF,25,MIN,82.0,2434.0,15.7,0.539,0.209,0.267,6.1,16.8,11.3,9.6,1.4,0.3,9.1,19.5,3.6,1.2,4.8,0.096,1.0,-1.1,-0.1,1.1
Ryan Hollins,PF,23,CHA,60.0,532.0,11.4,0.565,0.0,0.872,11.4,11.7,11.6,4.0,1.0,4.3,16.1,13.3,0.6,0.4,1.1,0.096,-3.9,0.1,-3.8,-0.2
Salim Stoudamire,PG,25,ATL,35.0,402.0,11.1,0.495,0.472,0.278,1.2,5.8,3.5,11.9,0.9,0.9,9.4,25.2,0.1,0.1,0.3,0.031,-1.0,-2.5,-3.5,-0.1
Sam Cassell,PG,38,LAC-BOS,55.0,1274.0,15.4,0.517,0.143,0.271,1.6,10.8,6.2,31.5,1.5,0.4,14.0,25.1,0.7,1.1,1.8,0.067,-0.3,-0.7,-0.9,0.3
Samuel Dalembert,C,26,PHI,82.0,2724.0,15.6,0.556,0.002,0.398,13.1,24.0,18.5,2.5,0.8,5.6,16.6,15.4,2.6,4.3,6.9,0.121,-1.5,0.5,-1.0,0.7
Sasha Pavlović,SG,24,CLE,51.0,1188.0,7.2,0.434,0.283,0.191,3.3,9.2,6.1,11.2,1.3,0.4,11.2,18.8,-0.8,0.9,0.2,0.006,-4.2,-0.7,-4.9,-0.9
Sasha Vujačić,SG,23,LAL,72.0,1279.0,15.1,0.605,0.56,0.189,1.7,11.3,6.7,8.7,1.4,0.3,9.1,19.8,2.4,1.2,3.6,0.136,1.8,-0.7,1.2,1.0
Scot Pollard,C,32,BOS,22.0,173.0,8.7,0.597,0.0,0.957,10.2,14.9,12.7,2.5,0.9,2.9,13.3,10.1,0.3,0.3,0.6,0.171,-4.3,2.1,-2.2,0.0
Sean Marks,C,32,PHO,19.0,130.0,16.1,0.574,0.093,0.442,8.5,21.7,15.6,4.5,1.1,5.0,13.5,20.4,0.1,0.2,0.3,0.121,-3.2,1.1,-2.1,0.0
Sean Williams,C,21,NJN,73.0,1278.0,13.9,0.563,0.0,0.436,10.4,18.8,14.6,3.7,1.1,6.5,16.1,15.5,0.8,1.7,2.5,0.093,-3.3,1.1,-2.2,-0.1
Sebastian Telfair,PG,22,MIN,60.0,1933.0,10.4,0.462,0.205,0.189,0.9,7.4,4.0,27.7,1.6,0.5,15.6,16.6,0.2,0.5,0.7,0.018,-2.2,-1.0,-3.1,-0.6
Sergio Rodríguez,PG,21,POR,72.0,628.0,9.0,0.423,0.296,0.194,2.4,8.4,5.4,31.2,2.1,0.0,19.9,20.0,-0.7,0.5,-0.2,-0.017,-3.1,-0.5,-3.7,-0.3
Shane Battier,SF,29,HOU,80.0,2907.0,11.7,0.561,0.596,0.163,5.2,10.5,7.9,8.0,1.4,2.3,10.5,11.7,3.6,4.6,8.2,0.135,0.0,1.9,2.0,2.9
Shannon Brown,SG,22,CLE-CHI,21.0,240.0,6.3,0.411,0.238,0.23,2.8,6.9,4.7,12.8,2.4,1.0,14.7,30.7,-0.8,0.3,-0.5,-0.102,-5.7,-2.1,-7.9,-0.4
Shaquille O'Neal,C,35,MIA-PHO,61.0,1748.0,17.1,0.589,0.0,0.606,11.4,24.8,18.4,9.1,0.9,3.7,20.4,23.5,0.6,2.3,2.8,0.078,-1.2,0.2,-1.1,0.4
Shareef Abdur-Rahim,PF,31,SAC,6.0,51.0,5.5,0.317,0.0,0.286,14.2,9.1,11.6,11.1,1.0,0.0,6.0,14.7,0.0,0.0,0.0,-0.005,-4.4,-2.5,-6.9,-0.1
Shavlik Randolph,PF,24,PHI,9.0,27.0,15.6,0.286,0.0,0.0,39.2,8.9,24.2,17.8,2.0,8.9,12.5,26.7,-0.1,0.0,0.0,-0.012,-3.2,-2.0,-5.1,0.0
Shawn Marion,PF,29,PHO-MIA,63.0,2315.0,19.2,0.57,0.252,0.191,7.1,23.9,16.0,9.4,2.7,2.5,9.2,18.5,3.5,3.9,7.4,0.153,1.7,1.6,3.3,3.1
Shawne Williams,SF,21,IND,65.0,967.0,12.8,0.522,0.368,0.285,6.0,14.0,9.9,9.8,1.3,2.0,12.2,21.3,0.4,1.0,1.4,0.069,-1.4,-0.4,-1.8,0.0
Shelden Williams,PF,24,ATL-SAC,64.0,776.0,11.9,0.494,0.009,0.495,10.4,20.5,15.5,3.8,1.5,2.1,11.9,17.0,0.4,0.8,1.2,0.072,-2.7,-0.7,-3.5,-0.3
Smush Parker,PG,26,MIA-LAC,28.0,592.0,7.0,0.42,0.424,0.152,0.8,9.4,5.0,23.6,2.1,0.8,18.3,18.9,-1.1,0.4,-0.6,-0.052,-4.8,-0.7,-5.5,-0.5
Solomon Jones,PF,23,ATL,35.0,145.0,6.8,0.451,0.067,0.667,15.3,18.4,16.9,0.0,1.1,2.6,22.1,15.6,-0.1,0.1,0.0,0.0,-6.7,-2.0,-8.8,-0.2
Spencer Hawes,C,19,SAC,71.0,931.0,11.6,0.486,0.066,0.182,8.8,20.1,14.6,7.7,0.8,3.3,14.0,19.2,-0.2,0.8,0.6,0.033,-3.2,-0.9,-4.1,-0.5
Stephen Graham,SF,25,IND,22.0,128.0,21.9,0.669,0.241,0.276,3.3,15.6,9.3,13.5,1.5,0.6,13.3,25.4,0.3,0.1,0.4,0.167,4.2,0.0,4.2,0.2
Stephen Jackson,SF,29,GSW,73.0,2855.0,14.9,0.536,0.416,0.307,2.4,9.8,6.0,15.2,1.6,0.7,12.6,23.1,3.2,1.4,4.6,0.077,1.1,-1.2,-0.2,1.3
Stephon Marbury,PG,30,NYK,24.0,805.0,13.8,0.527,0.279,0.438,2.3,6.1,4.2,23.1,1.4,0.2,13.2,20.3,1.0,0.1,1.1,0.066,0.8,-1.3,-0.5,0.3
Steve Blake,PG,27,POR,81.0,2424.0,12.0,0.518,0.466,0.1,1.5,7.9,4.7,27.1,1.2,0.1,14.5,15.3,2.5,1.3,3.8,0.075,0.1,-0.6,-0.5,0.9
Steve Francis,PG,30,HOU,10.0,199.0,9.1,0.41,0.298,0.404,4.6,8.4,6.5,22.7,2.4,1.8,17.3,18.6,-0.2,0.3,0.2,0.039,-4.0,2.0,-2.0,0.0
Steve Nash,PG,33,PHO,81.0,2780.0,21.1,0.641,0.396,0.255,1.2,9.6,5.7,47.3,0.9,0.1,21.6,22.0,9.0,1.4,10.5,0.181,5.8,-1.8,3.9,4.2
Steve Novak,SF,24,HOU,35.0,264.0,17.3,0.651,0.696,0.039,1.7,13.0,7.5,3.9,0.4,0.8,3.7,18.7,0.7,0.3,1.1,0.196,4.3,-0.1,4.2,0.4
Steven Hunter,C,26,DEN,19.0,120.0,8.6,0.53,0.0,0.714,9.2,16.8,13.1,0.0,0.0,3.5,16.0,15.5,0.0,0.1,0.1,0.043,-5.5,-2.0,-7.5,-0.2
Stromile Swift,PF,28,MEM-NJN,56.0,844.0,14.8,0.548,0.008,0.411,8.5,18.3,13.4,5.1,0.9,4.8,14.0,19.3,0.6,0.8,1.4,0.078,-2.6,-0.2,-2.8,-0.2
Stéphane Lasme,PF-SF,25,GSW-MIA,16.0,303.0,11.7,0.488,0.0,0.451,10.1,10.8,10.5,1.6,2.3,5.8,15.0,15.6,-0.1,0.3,0.3,0.041,-4.8,0.3,-4.4,-0.2
T.J. Ford,PG,24,TOR,51.0,1199.0,20.3,0.533,0.097,0.239,2.3,7.7,4.9,44.4,2.4,0.0,15.0,26.8,2.1,1.1,3.3,0.13,2.8,-0.3,2.5,1.4
Tarence Kinsey,SG,23,MEM,11.0,96.0,10.3,0.492,0.184,0.158,3.5,10.6,7.0,3.4,1.6,0.0,6.9,20.2,0.0,0.0,0.0,0.02,-2.7,-0.5,-3.2,0.0
Taurean Green,SG-PG,21,POR-DEN,17.0,74.0,7.0,0.446,0.44,0.48,0.0,14.9,7.6,22.3,1.4,0.0,22.9,24.3,-0.2,0.1,-0.1,-0.066,-5.3,-2.2,-7.5,-0.1
Tayshaun Prince,SF,27,DET,82.0,2694.0,15.6,0.516,0.155,0.256,4.8,12.9,8.8,16.5,0.9,1.0,8.0,19.9,4.3,3.2,7.5,0.133,1.7,-0.1,1.6,2.5
Thabo Sefolosha,SG,23,CHI,69.0,1436.0,11.4,0.497,0.209,0.247,3.8,16.7,10.0,14.3,2.2,1.6,16.6,17.3,-0.3,1.8,1.5,0.05,-2.3,1.2,-1.0,0.4
Thaddeus Young,PF,19,PHI,74.0,1554.0,16.5,0.57,0.039,0.21,9.1,14.8,11.9,6.2,2.5,0.4,10.7,17.4,2.6,2.0,4.5,0.14,0.2,0.3,0.5,1.0
Theo Ratliff,C-PF,34,MIN-DET,26.0,437.0,11.9,0.534,0.012,0.506,8.5,15.6,12.0,4.7,0.9,6.7,16.8,13.2,0.2,0.6,0.8,0.091,-2.9,1.8,-1.1,0.1
Thomas Gardner,SG,22,CHI,4.0,45.0,4.4,0.44,0.522,0.087,7.3,2.6,5.0,4.0,0.0,0.0,14.3,27.4,-0.1,0.0,-0.1,-0.128,-3.5,-3.7,-7.2,-0.1
Tim Duncan,C,31,SAS,78.0,2651.0,24.4,0.546,0.003,0.393,10.7,28.3,19.6,15.7,1.1,4.3,11.4,28.2,4.9,6.2,11.1,0.201,3.0,2.2,5.2,4.8
Tim Thomas,PF,30,LAC,63.0,1940.0,12.2,0.505,0.384,0.217,3.7,15.6,9.6,15.7,1.1,1.1,11.3,20.7,0.3,1.4,1.7,0.042,-0.9,-0.5,-1.4,0.3
Tony Allen,SG,26,BOS,75.0,1373.0,10.7,0.527,0.147,0.465,3.1,11.0,7.3,13.1,2.4,1.3,18.9,19.6,-0.1,2.8,2.7,0.093,-3.4,1.7,-1.7,0.1
Tony Parker,PG,25,SAS,69.0,2312.0,20.0,0.542,0.063,0.333,1.6,9.6,5.6,34.1,1.3,0.3,12.1,28.2,3.9,3.2,7.0,0.146,2.5,-0.1,2.4,2.6
Tracy McGrady,SG,28,HOU,66.0,2440.0,18.4,0.487,0.226,0.274,2.0,13.5,7.8,29.6,1.5,0.9,9.8,30.4,2.0,3.8,5.8,0.115,2.4,0.5,2.9,3.1
Travis Diener,PG,25,IND,66.0,1356.0,12.2,0.494,0.542,0.165,2.0,7.3,4.6,27.7,1.3,0.2,10.7,16.5,1.7,0.8,2.5,0.088,-0.2,-1.1,-1.4,0.2
Travis Outlaw,PF,23,POR,82.0,2186.0,15.7,0.499,0.105,0.305,5.2,15.0,10.1,8.9,1.5,2.2,8.9,26.0,0.9,2.3,3.2,0.071,-0.2,-0.1,-0.3,1.0
Trenton Hassell,SG,28,DAL-NJN,63.0,773.0,4.2,0.441,0.067,0.074,3.0,9.3,6.2,7.9,0.9,0.3,13.6,9.7,-0.2,0.5,0.2,0.015,-5.0,-0.2,-5.1,-0.6
Trevor Ariza,SF,22,ORL-LAL,35.0,546.0,16.1,0.568,0.132,0.551,6.4,15.4,11.1,11.8,2.9,1.5,12.0,15.6,0.9,0.9,1.8,0.157,0.4,2.3,2.8,0.7
Troy Hudson,PG,31,GSW,9.0,93.0,5.2,0.416,0.387,0.194,0.0,8.4,4.0,12.7,1.6,0.0,17.2,18.4,-0.2,0.0,-0.1,-0.062,-4.6,-1.7,-6.3,-0.1
Troy Murphy,PF,27,IND,75.0,2106.0,16.0,0.573,0.341,0.348,5.5,22.9,14.0,12.3,1.1,1.1,10.7,18.4,3.7,2.5,6.2,0.141,0.9,0.2,1.2,1.7
Tyronn Lue,PG,30,ATL-DAL,50.0,736.0,11.9,0.543,0.34,0.126,1.4,7.0,4.3,16.8,0.8,0.1,9.2,18.2,1.0,0.3,1.2,0.08,-0.2,-1.2,-1.4,0.1
Tyrus Thomas,PF,21,CHI,74.0,1330.0,14.6,0.486,0.014,0.395,8.4,21.1,14.5,11.0,1.9,4.2,13.0,19.7,0.4,2.1,2.4,0.088,-2.2,1.6,-0.6,0.5
Tyson Chandler,C,25,NOH,79.0,2783.0,17.5,0.632,0.002,0.488,13.2,26.1,19.5,4.4,0.9,2.4,15.6,14.5,5.9,4.1,10.0,0.172,0.7,-0.2,0.4,1.7
Udonis Haslem,PF,27,MIA,49.0,1805.0,12.7,0.517,0.0,0.28,7.0,22.7,14.7,6.5,1.1,0.8,10.5,16.7,1.0,1.5,2.5,0.067,-1.8,-0.9,-2.7,-0.3
Viktor Khryapa,PF,25,CHI,9.0,105.0,9.7,0.431,0.032,0.452,6.2,15.6,10.7,11.9,2.9,0.0,13.9,18.2,-0.1,0.1,0.0,0.02,-3.3,1.5,-1.8,0.0
Vince Carter,SG,31,NJN,76.0,2959.0,18.8,0.55,0.212,0.333,4.4,13.4,8.9,25.2,1.6,0.9,10.9,25.6,5.5,2.2,7.7,0.126,2.6,-0.3,2.4,3.3
Vladimir Radmanović,SF,27,LAL,65.0,1483.0,12.6,0.583,0.535,0.149,4.4,11.4,8.0,12.1,1.6,0.6,13.6,16.0,2.0,1.5,3.5,0.113,0.4,-0.2,0.2,0.8
Von Wafer,SG,22,DEN-POR,29.0,154.0,1.0,0.347,0.426,0.197,0.7,13.1,7.0,6.6,0.6,1.5,16.4,22.7,-0.6,0.1,-0.5,-0.163,-7.4,-2.9,-10.3,-0.3
Wally Szczerbiak,SF,30,SEA-CLE,75.0,1736.0,13.9,0.539,0.302,0.242,2.2,11.8,6.9,10.1,0.7,0.5,8.7,22.1,2.0,0.9,2.9,0.079,0.7,-1.1,-0.5,0.7
Walter Herrmann,PF,28,CHA-DET,45.0,373.0,13.2,0.494,0.444,0.174,6.9,16.1,11.5,8.0,1.0,0.2,7.2,20.8,0.3,0.4,0.7,0.086,0.7,-1.0,-0.3,0.2
Willie Green,SG,26,PHI,74.0,1970.0,12.8,0.492,0.206,0.17,1.9,9.1,5.5,13.2,1.5,0.9,10.4,23.9,0.4,1.6,2.1,0.05,-0.9,-0.8,-1.6,0.2
Wilson Chandler,SF,20,NYK,35.0,685.0,11.7,0.48,0.124,0.223,6.1,15.3,10.6,8.1,1.1,1.8,9.2,19.2,0.2,0.4,0.5,0.038,-2.9,-1.1,-4.0,-0.3
Yakhouba Diawara,SG,25,DEN,54.0,542.0,8.1,0.518,0.493,0.231,4.7,7.6,6.2,9.3,0.7,0.4,9.8,12.8,0.5,0.3,0.7,0.065,-2.6,-1.1,-3.6,-0.2
Yao Ming,C,27,HOU,55.0,2044.0,22.5,0.587,0.002,0.477,9.6,22.9,16.4,11.5,0.6,4.0,15.1,27.1,4.2,4.1,8.3,0.196,1.8,1.6,3.4,2.8
Yi Jianlian,PF,20,MIL,66.0,1647.0,11.3,0.485,0.04,0.279,7.3,17.7,12.3,5.3,1.1,2.7,13.4,18.4,-0.1,0.9,0.7,0.022,-2.9,-1.1,-3.9,-0.8
Zach Randolph,C,26,NYK,69.0,2244.0,18.0,0.513,0.076,0.273,9.1,27.6,18.0,11.8,1.4,0.6,13.6,27.4,0.9,2.0,3.0,0.063,0.5,-1.1,-0.6,0.8
Zaza Pachulia,C,23,ATL,62.0,944.0,11.0,0.515,0.012,0.624,11.0,19.5,15.3,6.0,1.3,1.0,18.1,18.3,0.2,0.9,1.1,0.054,-3.9,-1.3,-5.1,-0.7
Zydrunas Ilgauskas,C,32,CLE,73.0,2222.0,18.7,0.522,0.001,0.276,13.1,22.2,17.5,8.5,0.8,4.3,12.0,22.9,2.9,3.2,6.1,0.131,-0.1,-0.3,-0.4,0.9
